,User,Search Term,Tweet Text,Compound Score,Positive,Neutral,Negative,Timestamp
0,Shutzy59,@bbcworld,RT @BBCWorld: Stan's Donuts: A farewell to a shop closed by coronavirus https://t.co/aCY4sJLQdq,0.0,0.0,0.0,1.0,1590293329.0
1,Iceman_cometh1,@bbcworld,RT @BBCWorld: Over 40 coronavirus cases traced to church service in Germany after lockdown was eased https://t.co/15XNkarQHk,0.296,0.121,0.0,0.879,1590293327.0
2,jmlp85,@bbcworld,@MelpliusEli @Patrici54417503 @BBCWorld and honestly saying to me educate yourself after defined wrongly very known things like gravity and faith it shows how little humble you are and how close your mind is unprepared to exchange any argumentation with anybody,0.8207,0.188,0.0,0.812,1590293324.0
3,zjmng1,@bbcworld,@BBCWorld still a sad number.,-0.4215,0.176,0.419,0.405,1590293324.0
4,jpak25,@bbcworld,RT @NickBryantNY: Hardship in American suburbia - hard to comprehend the length of the queue at this commuter belt foodbank or the high-end‚Ä¶,-0.4019,0.0,0.15,0.85,1590293321.0
5,NwaBiaf26910968,@bbcworld,RT @homelandlove: @MrSomtoOkonkwo @MaziNnamdiKanu @psj_ng @SilentNigeria @StateDept @EURACTIV @UN @EU_Commission @NigeriaGov International‚Ä¶,0.0,0.0,0.0,1.0,1590293317.0
6,Stevediscobay,@bbcworld,"@BBCWorld Its closed by nutty power-hungry governor's!

millions of people are suffering but not from the Coronavirus!

Essential shopping is a bunch of crap if you can do that everything else can also be open!

No need to crash the economy, seems like that's what governors want?",-0.8392,0.081,0.217,0.702,1590293315.0
7,ac4349,@bbcworld,RT @BBCWorld: Coronavirus: Which health claims are circulating online? https://t.co/J2MMJXyaKd,0.0,0.0,0.0,1.0,1590293311.0
8,HLSudler,@bbcworld,RT @BBCWorld: Stan's Donuts: A farewell to a shop closed by coronavirus https://t.co/aCY4sJLQdq,0.0,0.0,0.0,1.0,1590293311.0
9,NjbBari3,@bbcworld,@boringfileclerk @BBCWorld Doughnuts (in moderation) are essential. This type of small business is where the government money was supposed to go. üò¢ https://t.co/x4BPbXkXqA,-0.4767,0.0,0.119,0.881,1590293307.0
10,ryo8096,@bbcworld,"RT @BBCWorld: Netflix star and Japanese wrestler Hana Kimura dies, aged 22

https://t.co/4kYqDXVt6N",0.0,0.0,0.0,1.0,1590293304.0
11,St3v3nParker,@bbcworld,@BBCWorld are you sure smoking doesn't help ward off the virus? cause it fking kills everything else lol,-0.1675,0.205,0.232,0.563,1590293295.0
12,cadenwendy,@bbcworld,RT @BBCWorld: Coronavirus: Which health claims are circulating online? https://t.co/J2MMJXyaKd,0.0,0.0,0.0,1.0,1590293292.0
13,manuel_alarcon,@bbcworld,@CNNInternatDesk @BBCWorld @nytimes @TIME @CNNChile @CNN @washingtonpost @nbc @Reuters @AP @TelegraphNews @ONUChile @TelemundoNews @bbcmundo @dw_espanol @nytvideo @inddhh @tvn @DeutscheWelle @24horas @chvnoticias @meganoticias @tele13alahora @ApoderadosOrg https://t.co/spPVwT9GbU,0.0,0.0,0.0,1.0,1590293292.0
14,Naluk16,@bbcworld,RT @BBCWorld: Taliban announce three-day Eid ceasefire with Afghan government https://t.co/0UnMSRoyPN,0.0,0.0,0.0,1.0,1590293292.0
15,shelovesbigucci,@bbcworld,"@theKNIGHTGOLDEN @BBCWorld These people arent losing just money. These are their businesses. You know, the years of hard work and dedication to try and improve their lives. This is killing their livelihood... they cant just re-start a business once someone claims its safe.",0.4559,0.186,0.11,0.704,1590293289.0
16,WPX78A,@bbcworld,"@BBCWorld The issue was due to the behavior of human, not the activity of the church.",0.0,0.0,0.0,1.0,1590293287.0
17,JKokreja,@bbcworld,@BBCWorld Indian food ü•ò,0.0,0.0,0.0,1.0,1590293280.0
18,manuel_alarcon,@bbcworld,@CNNInternatDesk @BBCWorld @nytimes @TIME @CNNChile @CNN @washingtonpost @nbc @Reuters @AP @TelegraphNews @ONUChile @TelemundoNews @bbcmundo @dw_espanol @nytvideo @inddhh @tvn @DeutscheWelle @24horas @chvnoticias @meganoticias @tele13alahora @ApoderadosOrg https://t.co/vvW3KvDSzn,0.0,0.0,0.0,1.0,1590293275.0
19,Naluk16,@bbcworld,"RT @BBCWorld: Spanish anti-lockdown protest draws thousands 

https://t.co/KwrdWzJq7I",-0.25,0.0,0.222,0.778,1590293270.0
20,KKhantwt,@bbcworld,@Mr_quamar1 @Arshahidraza @gulf_news @AJENews @BBCWorld @shenaz_irani @bismaadar @asadowaisi @khaleejtimes @GULNAAZ__ @AzmiShabana Khair Mubarak,0.0,0.0,0.0,1.0,1590293258.0
21,pjh139,@bbcworld,RT @BBCWorld: Stan's Donuts: A farewell to a shop closed by coronavirus https://t.co/aCY4sJLQdq,0.0,0.0,0.0,1.0,1590293255.0
22,boringfileclerk,@bbcworld,@BBCWorld Are you taking car of your health during the Coronavirus lockdown?,0.0,0.0,0.0,1.0,1590293251.0
23,Naluk16,@bbcworld,RT @BBCWorld: Over 40 coronavirus cases traced to church service in Germany after lockdown was eased https://t.co/15XNkarQHk,0.296,0.121,0.0,0.879,1590293241.0
24,pjh139,@bbcworld,RT @BBCWorld: Coronavirus: Which health claims are circulating online? https://t.co/J2MMJXyaKd,0.0,0.0,0.0,1.0,1590293240.0
25,barsheyr,@bbcworld,RT @BBCWorld: Stan's Donuts: A farewell to a shop closed by coronavirus https://t.co/aCY4sJLQdq,0.0,0.0,0.0,1.0,1590293230.0
26,KKhantwt,@bbcworld,"@Mr_quamar1 @gulf_news @AJENews @BBCWorld @shenaz_irani @bismaadar @asadowaisi @khaleejtimes @GULNAAZ__ @AzmiShabana Ameen 
Khair Mubarak
Eid Mubarak to you as well",0.2732,0.104,0.0,0.896,1590293228.0
27,EstherMulin,@bbcworld,RT @BBCWorld: Coronavirus: Which health claims are circulating online? https://t.co/J2MMJXyaKd,0.0,0.0,0.0,1.0,1590293224.0
28,MariaCabadas,@bbcworld,RT @BBCWorld: Coronavirus: Which health claims are circulating online? https://t.co/J2MMJXyaKd,0.0,0.0,0.0,1.0,1590293218.0
29,marco_zenone,@bbcworld,RT @BBCWorld: Coronavirus: Which health claims are circulating online? https://t.co/J2MMJXyaKd,0.0,0.0,0.0,1.0,1590293218.0
30,AlbaDanielaM2,@bbcworld,RT @BBCWorld: Stan's Donuts: A farewell to a shop closed by coronavirus https://t.co/aCY4sJLQdq,0.0,0.0,0.0,1.0,1590293214.0
31,ReviloBuzby,@bbcworld,RT @BBCWorld: Stan's Donuts: A farewell to a shop closed by coronavirus https://t.co/aCY4sJLQdq,0.0,0.0,0.0,1.0,1590293214.0
32,maltyjava,@bbcworld,RT @BBCWorld: Coronavirus: Which health claims are circulating online? https://t.co/J2MMJXyaKd,0.0,0.0,0.0,1.0,1590293209.0
33,MikeyRogers193,@bbcworld,@BBCWorld Why does ( BBC WORLD News)  have no black presenters It‚Äôs meant to represent Britain üá¨üáß,-0.296,0.0,0.121,0.879,1590293205.0
34,MABB5,@bbcworld,RT @BBCWorld: Coronavirus: Which health claims are circulating online? https://t.co/J2MMJXyaKd,0.0,0.0,0.0,1.0,1590293204.0
35,singer7654321,@bbcworld,"BBC News (World)„Éª@BBCWorld 
„Çø„É™„Éê„É≥„ÄÅ„Ç¢„Éï„Ç¨„Éã„Çπ„Çø„É≥ÊîøÂ∫ú„Å®„ÅÆ3Êó•Èñì„ÅÆEidÂÅúÊà¶„ÇíÁô∫Ë°® https://t.co/BR6CseHs1l https://t.co/EqPxCwd0f2",0.0,0.0,0.0,1.0,1590293202.0
36,PamelaMartinezG,@bbcworld,"@dbenlloch @BBCWorld @nytimes @lemondefr @thetimes I might be wrong or might need to study some history but as far as I know, those flags are illegal.... What a shame of ""people"" (to call them somehow)",-0.9022,0.0,0.258,0.742,1590293184.0
37,AlleluiaSimon,@bbcworld,RT @BBCWorld: The Amazon rainforest - which plays a vital role in balancing the world's climate and helping fight global warming - is suffe‚Ä¶,0.6249,0.32,0.086,0.594,1590293177.0
38,jeogyjeogy,@bbcworld,"@MelpliusEli @BBCWorld No look in the mirror, you‚Äôre ugly, not just your looks, but your personality as well. Stan blackpink, twice, loona and red velvet üòç‚ú®",0.7814,0.25,0.098,0.652,1590293176.0
39,888Wolfdog888,@bbcworld,@theKNIGHTGOLDEN @BBCWorld Spoken like a space cadet! Let's see you eat without money.,0.4199,0.189,0.0,0.811,1590293173.0
40,pngoyanka,@bbcworld,RT @Rakeshk49490377: @rajeshsetiaom @narendramodi @narendramodi_in @PMOIndia @AmitShah @AmitShahOffice @ombirlakota @BBCWorld @ZeeNewsEngli‚Ä¶,0.0,0.0,0.0,1.0,1590293169.0
41,pngoyanka,@bbcworld,RT @vipulac2009: @rajeshsetiaom @narendramodi @narendramodi_in @PMOIndia @AmitShah @AmitShahOffice @ombirlakota @BBCWorld @ZeeNewsEnglish @‚Ä¶,0.0,0.0,0.0,1.0,1590293168.0
42,pngoyanka,@bbcworld,RT @PareshBPatel9: @rajeshsetiaom @narendramodi @narendramodi_in @PMOIndia @AmitShah @AmitShahOffice @ombirlakota @BBCWorld @ZeeNewsEnglish‚Ä¶,0.0,0.0,0.0,1.0,1590293166.0
43,pngoyanka,@bbcworld,RT @pngoyanka: @rajeshsetiaom @narendramodi @narendramodi_in @PMOIndia @AmitShah @AmitShahOffice @ombirlakota @BBCWorld @ZeeNewsEnglish @aa‚Ä¶,0.0,0.0,0.0,1.0,1590293161.0
44,pngoyanka,@bbcworld,RT @DilipVa37961599: @rajeshsetiaom @narendramodi @narendramodi_in @PMOIndia @AmitShah @AmitShahOffice @ombirlakota @BBCWorld @ZeeNewsEngli‚Ä¶,0.0,0.0,0.0,1.0,1590293158.0
45,pngoyanka,@bbcworld,RT @Topsingh6: @rajeshsetiaom @narendramodi @narendramodi_in @PMOIndia @AmitShah @AmitShahOffice @ombirlakota @BBCWorld @ZeeNewsEnglish @aa‚Ä¶,0.0,0.0,0.0,1.0,1590293155.0
46,pngoyanka,@bbcworld,RT @Archana15189709: @rajeshsetiaom @narendramodi @narendramodi_in @PMOIndia @AmitShah @AmitShahOffice @ombirlakota @BBCWorld @ZeeNewsEngli‚Ä¶,0.0,0.0,0.0,1.0,1590293154.0
47,pngoyanka,@bbcworld,RT @ashutoshhariom: @rajeshsetiaom @narendramodi @narendramodi_in @PMOIndia @AmitShah @AmitShahOffice @ombirlakota @BBCWorld @ZeeNewsEnglis‚Ä¶,0.0,0.0,0.0,1.0,1590293153.0
48,CdnforTrump2016,@bbcworld,@c1tpyrc @Linda16425194 @BBCWorld No ones stopping anyone from staying at home. If you feel its too risky you should. If youre at risk and have to work ensure appropriate measures are in place.,-0.2631,0.106,0.16,0.734,1590293150.0
49,evageer3,@bbcworld,@BBCWorld for saefty precaution i pressume,0.0,0.0,0.0,1.0,1590293150.0
50,pngoyanka,@bbcworld,RT @Rakeshk49490377: @rajeshsetiaom @narendramodi @narendramodi_in @PMOIndia @AmitShah @AmitShahOffice @ombirlakota @BBCWorld @ZeeNewsEngli‚Ä¶,0.0,0.0,0.0,1.0,1590293149.0
51,pngoyanka,@bbcworld,RT @Rakeshk49490377: @rajeshsetiaom @narendramodi @narendramodi_in @PMOIndia @AmitShah @AmitShahOffice @ombirlakota @BBCWorld @ZeeNewsEngli‚Ä¶,0.0,0.0,0.0,1.0,1590293147.0
52,pngoyanka,@bbcworld,RT @drybiswal: @rajeshsetiaom @narendramodi @narendramodi_in @PMOIndia @AmitShah @AmitShahOffice @ombirlakota @BBCWorld @ZeeNewsEnglish @aa‚Ä¶,0.0,0.0,0.0,1.0,1590293143.0
53,pngoyanka,@bbcworld,RT @Saritat74543445: @rajeshsetiaom @narendramodi @narendramodi_in @PMOIndia @AmitShah @AmitShahOffice @ombirlakota @BBCWorld @ZeeNewsEngli‚Ä¶,0.0,0.0,0.0,1.0,1590293142.0
54,pngoyanka,@bbcworld,RT @sulekhasingh14: @rajeshsetiaom @narendramodi @narendramodi_in @PMOIndia @AmitShah @AmitShahOffice @ombirlakota @BBCWorld @ZeeNewsEnglis‚Ä¶,0.0,0.0,0.0,1.0,1590293139.0
55,888Wolfdog888,@bbcworld,"@BBCWorld Yea they were out to destroy small business from the start of this plandemic. 

Less than half a percent fatality rate and England's numbers were falsified on top.",-0.8689,0.048,0.283,0.668,1590293137.0
56,theKNIGHTGOLDEN,@bbcworld,@BBCWorld seriously do not care. people are dying. screw your money.,-0.5759,0.0,0.417,0.583,1590293137.0
57,pngoyanka,@bbcworld,@rajeshsetiaom @narendramodi @narendramodi_in @PMOIndia @AmitShah @AmitShahOffice @ombirlakota @BBCWorld @ZeeNewsEnglish @aajtak @RahulGandhi Bapuji ko shighar riha kiya jaye !,0.0,0.0,0.0,1.0,1590293125.0
58,jinicat10,@bbcworld,RT @BBCWorld: Stan's Donuts: A farewell to a shop closed by coronavirus https://t.co/aCY4sJLQdq,0.0,0.0,0.0,1.0,1590293124.0
59,brollasuite,@bbcworld,RT @Piink_Eyee: There‚Äôs a grooming gang being covered up in my home of #BarrowinFurness. Police and local media are refusing to investigate‚Ä¶,-0.4019,0.0,0.114,0.886,1590293106.0
60,ECOWARRIORSS,@bbcworld,"RT @BrianMcHugh2011: A disaster waiting to happen.

@Greenpeace @wef @WWF
#KeepItInTheGround
@GretaThunberg @ExtinctionR @UNFCCC @Channel4N‚Ä¶",-0.6249,0.0,0.227,0.773,1590293102.0
61,boringfileclerk,@bbcworld,@BBCWorld Should we bail out Stan's Donuts?,0.0,0.0,0.0,1.0,1590293099.0
62,madquad10,@bbcworld,"RT @tercio_t4: Me ayud√°is a difundir este video en ingles que corre por las redes hablando de las protestas en Espa√±a?
@BBCWorld @CNN @CBSN‚Ä¶",0.0,0.0,0.0,1.0,1590293086.0
63,CdnforTrump2016,@bbcworld,"@c1tpyrc @Linda16425194 @BBCWorld If I was at risk id go on off hours to buy things or if I could, visit a Church, Id buy a p100 masks or full face respirator, Id see if I could get someone to go out for me, stay away from crowds, ask stores for specialized hours, contactless pickup etc..This is about FREEDOM.",0.5904,0.077,0.033,0.89,1590293079.0
64,UARH6,@bbcworld,@CNNnewsroom @washingtonpost @BBCWorld @AltNewsHindi @TheLallantop @gulf_news @alnassar_kw @LadyVelvet_HFQ @AlGhurair98 @PMOIndia @narendramodi @bihar_police @NitishKumar https://t.co/KXYrNfIgfj,0.0,0.0,0.0,1.0,1590293070.0
65,O2KING15,@bbcworld,"RT @O2KING15: @EauClairePD @ABCWorldNews
@cnnbrk
@foxnewsalert 
@ABC 
 @BBCNews 
@BBCWorld 
There are so many words to express how disheart‚Ä¶",0.0,0.0,0.0,1.0,1590293062.0
66,jmlp85,@bbcworld,"@MelpliusEli @Patrici54417503 @BBCWorld again u keep skipping my argumentations with conjectures and idealistic beliefs which r against everything you asked others to do ""facts"" so proof with facts your points because just saying if science doesn't know something it doesn't mean god exist doesn't help your point at all",-0.0701,0.053,0.077,0.87,1590293060.0
67,KMichaelNicolas,@bbcworld,I can't wait to see Biden &amp; Trump's presidential debates. It will most likely be the most hilarious thing we have ever watched. @CTVNews @CBCNews @globalnews @TuckerCarlson @ChrisCuomo @politico @NewsHour @SkyNews @BBCWorld One of them is a racist.,-0.2516,0.07,0.093,0.837,1590293039.0
68,isana_sea,@bbcworld,@AlJazeera @BBCWorld @CNN @democracynow @FRANCE24 @lemondefr @NBCNews @RT_com @rtprueba @Olympics @bieparis https://t.co/vhOAyXk63N,0.0,0.0,0.0,1.0,1590293012.0
69,KKHannegan,@bbcworld,RT @BBCWorld: Over 40 coronavirus cases traced to church service in Germany after lockdown was eased https://t.co/15XNkarQHk,0.296,0.121,0.0,0.879,1590293006.0
70,ak_rta,@bbcworld,"RT @BBCWorld: Netflix star and Japanese wrestler Hana Kimura dies, aged 22

https://t.co/4kYqDXVt6N",0.0,0.0,0.0,1.0,1590293004.0
71,ExposeSweeden,@bbcworld,@HoosierPapaw @MazurikL @realDonaldTrump @USATODAY @CNN @abcnews @CBSNews @FoxNews @NBCNews @AP @nytimes @washingtonpost @Reuters @BBCWorld @NewsHour @JoeBiden @DNC @gtconway3d Stop watching fakenews and then you will see real news. @EpochTimes @gatewaypundit @Oann @JamesOKeefeIII @RichardGrenell @JudicialWatch @DailyCaller @X22Report @zeroHedge,-0.296,0.0,0.058,0.942,1590292994.0
72,EmpressTashe,@bbcworld,"RT @BBCWorld: La Liga can resume from 8 June, Spain's prime minister says https://t.co/sFDSBL5Hc0",0.0,0.0,0.0,1.0,1590292981.0
73,Roland93594461,@bbcworld,@BBCWorld https://t.co/3vmug6ONUB,0.0,0.0,0.0,1.0,1590292980.0
74,UMBRELLAWALK,@bbcworld,I still do ocassionally post on @Myspace Do check out my latest post there! #HGOHD #HARJGTHEONEDBA #HARJGTHEONE #HGOHDMUSICGROUP @BBCWorld @USATODAY @RollingStone @NylonMag https://t.co/JoCQgoYqqj,0.0,0.0,0.0,1.0,1590292969.0
75,mat_nairodie,@bbcworld,"RT @BBCWorld: La Liga can resume from 8 June, Spain's prime minister says https://t.co/sFDSBL5Hc0",0.0,0.0,0.0,1.0,1590292959.0
76,HGOHDMUSICGROUP,@bbcworld,I still do ocassionally post on @Myspace Do check out my latest post there! #HGOHD #HARJGTHEONEDBA #HARJGTHEONE #HGOHDMUSICGROUP @BBCWorld @USATODAY @RollingStone @NylonMag https://t.co/efJfjX6jw2,0.0,0.0,0.0,1.0,1590292958.0
77,carlixmon,@bbcworld,"RT @tercio_t4: Me ayud√°is a difundir este video en ingles que corre por las redes hablando de las protestas en Espa√±a?
@BBCWorld @CNN @CBSN‚Ä¶",0.0,0.0,0.0,1.0,1590292951.0
78,joerave,@bbcworld,RT @kukk44: @joerave @BarackObama @hrw @KenRoth @GauravPandhi @rohanrgupta @RahulGandhi @priyankagandhi @RK_Insight @congressdotgov @Acosta‚Ä¶,0.0,0.0,0.0,1.0,1590292940.0
79,HARJGTHEONEDBA,@bbcworld,I still do ocassionally post on @Myspace Do check out my latest post there! #HGOHD #HARJGTHEONEDBA #HARJGTHEONE #HGOHDMUSICGROUP @BBCWorld @USATODAY @RollingStone @NylonMag https://t.co/98wok9CyM6,0.0,0.0,0.0,1.0,1590292939.0
80,goodcanprevail,@bbcworld,@Nevblanco @BBCWorld Everyone is let down by the bbc it is poisonous!,-0.6114,0.0,0.266,0.734,1590292936.0
81,CdnforTrump2016,@bbcworld,"@c1tpyrc @Linda16425194 @BBCWorld God doesnt cause bad things to happen and man has freewill. No one can really stop you from Mountain Climbing or hitting the bottle, or going into crowds, but should you exercise that free will?, well, guess its YOUR CHOICE &amp; THATS FREEDOM.",0.9488,0.315,0.055,0.63,1590292933.0
82,joerave,@bbcworld,RT @akhterzaidi: @kukk44 @joerave @BarackObama @hrw @KenRoth @GauravPandhi @rohanrgupta @RahulGandhi @priyankagandhi @RK_Insight @congressd‚Ä¶,0.0,0.0,0.0,1.0,1590292899.0
83,LilavoisRichard,@bbcworld,@BBCWorld He‚Äôs unfortunately no better,-0.5867,0.0,0.616,0.384,1590292897.0
84,CdnforTrump2016,@bbcworld,"@c1tpyrc @Linda16425194 @BBCWorld So the people who are most at risk ahould stay home, same as if you have certain conditions or diseases you shoukdnt be drinking any alcohol or doing certain high intensity workouts or mountain climbing. Those who stand a good chance?, whats the issue?. Have hrs for those at risk",0.61,0.155,0.073,0.771,1590292858.0
85,homyndonaldson,@bbcworld,RT @BBCWorld: Over 40 coronavirus cases traced to church service in Germany after lockdown was eased https://t.co/15XNkarQHk,0.296,0.121,0.0,0.879,1590292836.0
86,I_like_blue_dot,@bbcworld,"RT @BBCWorld: Netflix star and Japanese wrestler Hana Kimura dies, aged 22

https://t.co/4kYqDXVt6N",0.0,0.0,0.0,1.0,1590292832.0
87,AlleluiaSimon,@bbcworld,"RT @BBCWorld: Netflix star and Japanese wrestler Hana Kimura dies, aged 22

https://t.co/4kYqDXVt6N",0.0,0.0,0.0,1.0,1590292828.0
88,mooned26902342,@bbcworld,"RT @BBCWorld: Netflix star and Japanese wrestler Hana Kimura dies, aged 22

https://t.co/4kYqDXVt6N",0.0,0.0,0.0,1.0,1590292824.0
89,nottinghamropes,@bbcworld,RT @BBCSteveR: I can‚Äôt play any sport in #lockdown. But I can play TV sports themes. And British TV has produced some real corkers. @BBCNew‚Ä¶,0.5859,0.173,0.0,0.827,1590292820.0
90,KaundaOmundi,@bbcworld,@BBCWorld This is where go wrong thinking that we can appease God by being pretentious and cosmetic,0.0258,0.197,0.146,0.657,1590292820.0
91,Mirianbety,@bbcworld,"RT @BBCWorld: Most of the meteorites ever found have been discovered in Antarctica, so every year small teams venture out on to the ice to‚Ä¶",0.0,0.0,0.0,1.0,1590292815.0
92,leslygonzalesla,@bbcworld,"RT @BBCWorld: Most of the meteorites ever found have been discovered in Antarctica, so every year small teams venture out on to the ice to‚Ä¶",0.0,0.0,0.0,1.0,1590292815.0
93,fiqiekun,@bbcworld,"RT @BBCWorld: Netflix star and Japanese wrestler Hana Kimura dies, aged 22

https://t.co/4kYqDXVt6N",0.0,0.0,0.0,1.0,1590292802.0
94,QwakuJaDe_,@bbcworld,RT @BBCWorld: Over 40 coronavirus cases traced to church service in Germany after lockdown was eased https://t.co/15XNkarQHk,0.296,0.121,0.0,0.879,1590292790.0
95,wavetop,@bbcworld,RT @BBCWorld: New York state daily coronavirus death toll drops below 100 https://t.co/eNDpJ43pwI,-0.5994,0.0,0.245,0.755,1590292779.0
96,prakornor,@bbcworld,RT @BBCWorld: Over 40 coronavirus cases traced to church service in Germany after lockdown was eased https://t.co/15XNkarQHk,0.296,0.121,0.0,0.879,1590292773.0
97,Kagina7,@bbcworld,"RT @Bukeye5: @GianaRenegade He was not convicted of any crime. Yet he went missing while in RPF custody. RPF must be held responsible
@soni‚Ä¶",-0.5267,0.079,0.197,0.724,1590292761.0
98,dolgre82,@bbcworld,"@ArnoldLawson47 @JayinGA @joanwalsh @thenation @VICETV @JoeBiden @Progress4TheUS @BBCWorld @latimes @ABC @POTUS @DNC Whatever. 

You're not real. 

You're trash though.",0.0,0.0,0.0,1.0,1590292756.0
99,dresponsable,@bbcworld,@BBCWorld I would expect more accurate news from BBC news sincerely,0.4767,0.237,0.0,0.763,1590292748.0
100,mariojosenyc,@cbsnews,Woke up and realized that @realDonaldTrump still around. @CNN @foxnewsalert @CBSNews,0.0,0.0,0.0,1.0,1590293322.0
101,learguy,@cbsnews,@CBSNews I certainly hope you‚Äôve changed the ejection seats so they won‚Äôt kill the too tall or too short during ejection!!,-0.3066,0.204,0.172,0.624,1590293316.0
102,Jdstasia,@cbsnews,RT @CBSNews: New York's one-day coronavirus death toll drops below 100 https://t.co/4qhDVRl3B5 https://t.co/4is6cPMCiH,-0.5994,0.0,0.245,0.755,1590293315.0
103,joseflopez98,@cbsnews,@CBSNews His handlers will pick Stacey Abrams to detour his racist comments.,-0.6124,0.0,0.267,0.733,1590293309.0
104,zebra418,@cbsnews,Free pass again for Joe Biden and Democrats by the Press.  @whpresscorps @CNN @CBSNews this is why no one trusts you guys.  @realDonaldTrump,-0.1164,0.118,0.169,0.713,1590293308.0
105,Vernon95224001,@cbsnews,@Open_it_up @KevinDCrumJr @bradleyacooper_ @CBSNews @realDonaldTrump Don't cry now because you just got owned.,0.3724,0.175,0.0,0.825,1590293293.0
106,Willie7712,@cbsnews,@Skoorbekim @CBSNews We were warned about bots and false info on covid19,-0.2732,0.0,0.16,0.84,1590293288.0
107,david_barth,@cbsnews,@CBSNews ‚ÄúMuseums struggling to survive coronavirus pandemic get go-ahead to sell their art.‚Äù Interpretation: Check to see if Pelosi has given $25M to the Kennedy Center yet.,-0.4215,0.0,0.097,0.903,1590293284.0
108,kaycassell1,@cbsnews,@Mybabymommabee1 @CBS_Herridge @CBSNews @CBSNLive Right!,0.0,0.0,0.0,1.0,1590293284.0
109,pamela_dehaven,@cbsnews,"RT @CBSNews: Trump campaign flying ""Keep America Great"" aerial banners Memorial Day weekend https://t.co/IK6srh0vsN https://t.co/5WE72UQf8H",0.6249,0.227,0.0,0.773,1590293283.0
110,45Watcher45,@cbsnews,"RT @albanach68: @DroppedmicAgain @CBS_Herridge @CBSNews Let's get this straightü§î @FBI Director Wray is now ordering the ""dreaded inspection‚Ä¶",-0.3767,0.089,0.155,0.756,1590293281.0
111,NaturallyMrsMee,@cbsnews,"RT @CBS_Herridge: #Pensacola News Conf Q + A w/AG Barr ‚ÄúAs to President Obama and VP Biden, whatever their level of involvement, based on t‚Ä¶",0.0,0.0,0.0,1.0,1590293275.0
112,NaturallyMrsMee,@cbsnews,RT @Bim_Star: @CBS_Herridge @CBSNews https://t.co/ZmMubYg9LA,0.0,0.0,0.0,1.0,1590293258.0
113,NaturallyMrsMee,@cbsnews,RT @ZendamaParanorm: @CBS_Herridge @CBSNews Q sent us https://t.co/q6ZalEkYif,0.0,0.0,0.0,1.0,1590293254.0
114,weciv01,@cbsnews,RT @CBSNews: Biden asks Amy Klobuchar to undergo vetting as possible running mate https://t.co/h5gpEiAqT9 https://t.co/3eOGUZjeRd,0.0,0.0,0.0,1.0,1590293251.0
115,Mustafakhan009,@cbsnews,"Delhi: Police arrest two women from Pinjra Tod over Feb protest | Cities News,The Indian Express 
@sioindia @WorldStudentUn @ESUtwt @UKCISA @USCIRF @UN_HRC @UN_Women @UNHumanRights @unwomenasia @CBSNews @usnews @NBCNews @cnni @gulf_news @ALHASH1 

https://t.co/fSPDZthMm6",-0.5267,0.0,0.128,0.872,1590293246.0
116,vinelz1,@cbsnews,@Skoorbekim @CBSNews Super hyped.  90k dead,-0.1027,0.32,0.352,0.328,1590293241.0
117,Downeygirl2,@cbsnews,@DevinLoetz @little_one63 @LisaJFla @CBSNews Do you look both ways before crossing a busy street or is that too racist for you?,-0.6124,0.0,0.167,0.833,1590293235.0
118,MissEMT37,@cbsnews,"RT @CBS_Herridge: More on Flynn, FISA, the unmasking controversy and how both political campaigns were under FBI in 2016. PLUS: A long time‚Ä¶",0.0,0.0,0.0,1.0,1590293229.0
119,rogerwatson92,@cbsnews,"RT @CBSNews: Trump campaign flying ""Keep America Great"" aerial banners Memorial Day weekend https://t.co/IK6srh0vsN https://t.co/5WE72UQf8H",0.6249,0.227,0.0,0.773,1590293220.0
120,AmassRichard2,@cbsnews,RT @CBSNews: Biden asks Amy Klobuchar to undergo vetting to be running mate https://t.co/yU4TDIJN0J https://t.co/GIXUZ0mizC,0.0,0.0,0.0,1.0,1590293220.0
121,johnnylstevens1,@cbsnews,RT @CBSNews: Climate change is causing Antarctica's snow to turn green https://t.co/VEMBxzMZ43 https://t.co/gJCMQIpIje,0.0,0.0,0.0,1.0,1590293217.0
122,KennethHowardC3,@cbsnews,"RT @DJGREYBOY: @CBSNews hell fucking no....please,",-0.6808,0.0,0.479,0.521,1590293216.0
123,KennethHowardC3,@cbsnews,RT @NancysBooze: @CBSNews https://t.co/7DfycuuqwT,0.0,0.0,0.0,1.0,1590293215.0
124,KennethHowardC3,@cbsnews,RT @NancysBooze: @CBSNews https://t.co/b5g8lNHLD5,0.0,0.0,0.0,1.0,1590293213.0
125,KennethHowardC3,@cbsnews,"RT @NancysBooze: @s55_robert @CBSNews I'm sure he is,....I'm sure he is. https://t.co/okPXN5oQmj",0.5574,0.315,0.0,0.685,1590293211.0
126,Wile_Coyote_ESQ,@cbsnews,@s55_robert @CBSNews Yeah ... https://t.co/fFplnYYIeg,0.296,0.355,0.0,0.645,1590293211.0
127,KennethHowardC3,@cbsnews,RT @PrestonJacobso8: @CBSNews Oh no not this broad again. One of the most annoying voices of all time. If he‚Äôs going to go with a woman I‚Äôd‚Ä¶,-0.6361,0.0,0.172,0.828,1590293208.0
128,KennethHowardC3,@cbsnews,RT @naugusta: @CBSNews üòÇüòÇüòÇüòÇüòÇüòÇüòÇüòÇüòÇüòÇüòÇüòÇüòÇüòÇüòÇüòÇüòÇ,0.9929,0.428,0.214,0.358,1590293205.0
129,KennethHowardC3,@cbsnews,RT @scottpw7: @armmoran @CBSNews take more English classes,0.0,0.0,0.0,1.0,1590293203.0
130,KennethHowardC3,@cbsnews,RT @armmoran: @CBSNews Oh this should fun,0.5106,0.355,0.0,0.645,1590293202.0
131,KennethHowardC3,@cbsnews,RT @JohnHime: @CBSNews Ol‚Äô Comfortable Shoes.....,0.5106,0.398,0.0,0.602,1590293201.0
132,KennethHowardC3,@cbsnews,RT @Salem_Blackcat2: @CBSNews Who is she?,0.0,0.0,0.0,1.0,1590293199.0
133,EvalyneKeshi,@cbsnews,RT @CBSNews: Biden asks Amy Klobuchar to undergo vetting as possible running mate https://t.co/h5gpEiAqT9 https://t.co/3eOGUZjeRd,0.0,0.0,0.0,1.0,1590293198.0
134,KennethHowardC3,@cbsnews,"RT @jchaven: @CBSNews This campaign has gone 20-years ago white. üôÅ
#BidenHarris",-0.2748,0.0,0.139,0.861,1590293197.0
135,KennethHowardC3,@cbsnews,RT @DAlanLambert2: @CBSNews Posted 5x since YESTERDAY....,0.0,0.0,0.0,1.0,1590293194.0
136,KennethHowardC3,@cbsnews,RT @Nickupcharge: @Wile_Coyote_ESQ @CBSNews I believe that‚Äôs an old meme from 2016,0.0,0.0,0.0,1.0,1590293193.0
137,KennethHowardC3,@cbsnews,RT @Wile_Coyote_ESQ: @Nickupcharge @CBSNews RIDE THE TRUMP TRAIN 2020! https://t.co/H5AMIpGmnr,0.0,0.0,0.0,1.0,1590293191.0
138,KennethHowardC3,@cbsnews,RT @Nickupcharge: @CBSNews Absolute blowout on deck. TRUMP 2020,0.0,0.0,0.0,1.0,1590293189.0
139,KennethHowardC3,@cbsnews,RT @dbillst: @CBSNews Ain‚Äôt no way she ie VP!!!,-0.4724,0.0,0.278,0.722,1590293188.0
140,KennethHowardC3,@cbsnews,RT @NancysBooze: @EluxTroxl @CBSNews https://t.co/KxXwnqNqrU,0.0,0.0,0.0,1.0,1590293187.0
141,KennethHowardC3,@cbsnews,RT @scottpw7: @CBSNews you need to start blocking the trolls,-0.3818,0.0,0.224,0.776,1590293183.0
142,KennethHowardC3,@cbsnews,RT @attyjimprice: @CBSNews It seems Biden wants to loose.,-0.3182,0.0,0.223,0.777,1590293182.0
143,KennethHowardC3,@cbsnews,RT @jaimeight: @CBSNews Solid pick. Need a president-in-waiting. Abrams or Whitmer second tier.‚Äô,0.1531,0.118,0.0,0.882,1590293180.0
144,driver8wlwt,@cbsnews,RT @CBSNews: CDC says COVID-19 not caught easily from surfaces and 40% of transmission occurs before people feel sick https://t.co/IDeBF3go‚Ä¶,-0.6526,0.0,0.229,0.771,1590293179.0
145,KennethHowardC3,@cbsnews,"RT @Chiclet20: @CBSNews Well, she couldn't possibly do any worse than the present POTUS.",-0.25,0.122,0.18,0.698,1590293179.0
146,KennethHowardC3,@cbsnews,RT @CBSNews: Biden asks Amy Klobuchar to undergo vetting as possible running mate https://t.co/h5gpEiAqT9 https://t.co/3eOGUZjeRd,0.0,0.0,0.0,1.0,1590293177.0
147,Open_it_up,@cbsnews,@Vernon95224001 @KevinDCrumJr @bradleyacooper_ @CBSNews @realDonaldTrump You told other people not to spend their time on this and you have written a book üòÑ,0.6705,0.18,0.0,0.82,1590293168.0
148,zebra418,@cbsnews,"ODD CBS News was just on the radio, NOT ONE WORD about Your Not Black. @CBSNews @realDonaldTrump #medialies",-0.4648,0.0,0.151,0.849,1590293158.0
149,s55_robert,@cbsnews,"@jchaven @CBSNews Harris isn‚Äôt gonna be much help to him with black voters anyway...

https://t.co/xuEC37w3Xj",0.4019,0.162,0.0,0.838,1590293157.0
150,NancysBooze,@cbsnews,@CBSNews https://t.co/7DfycuuqwT,0.0,0.0,0.0,1.0,1590293154.0
151,Hoffman11My,@cbsnews,"@sallyKP I'm not participating. I will give my lawyer a call and initiate a lawsuit against these organizations for violation of HIPAA laws and unlawful acts, as well as violation of privacy.
@CBSNews",-0.7351,0.053,0.211,0.736,1590293153.0
152,TweeetBug,@cbsnews,RT @CBSNews: Climate change is causing Antarctica's snow to turn green https://t.co/VEMBxzMZ43 https://t.co/gJCMQIpIje,0.0,0.0,0.0,1.0,1590293149.0
153,antisophistry,@cbsnews,RT @greta: 18-year-old given months to live marries his high school sweetheart https://t.co/PEF0xk0LnB via @CBSNews,0.6486,0.235,0.0,0.765,1590293148.0
154,sleepingnomore,@cbsnews,"RT @CBS_Herridge: More on Flynn, FISA, the unmasking controversy and how both political campaigns were under FBI in 2016. PLUS: A long time‚Ä¶",0.0,0.0,0.0,1.0,1590293144.0
155,VernaPolitics,@cbsnews,"RT @CBSNews: Retail job losses are now the highest on record: ""Astronomical"" layoffs https://t.co/6DTb0v1Vv9 https://t.co/uufTbhsKJX",-0.4019,0.0,0.162,0.838,1590293139.0
156,Oldlady12345,@cbsnews,RT @CBSNews: Retail worker creates Facebook support group for essential employees after she was allegedly attacked by a customer https://t.‚Ä¶,0.2023,0.194,0.121,0.685,1590293138.0
157,cchsctv,@cbsnews,RT @CBSNews: Biden asks Amy Klobuchar to undergo vetting as possible running mate https://t.co/h5gpEiAqT9 https://t.co/3eOGUZjeRd,0.0,0.0,0.0,1.0,1590293135.0
158,Nickupcharge,@cbsnews,@Wile_Coyote_ESQ @CBSNews I believe that‚Äôs an old meme from 2016,0.0,0.0,0.0,1.0,1590293134.0
159,MrsLove711,@cbsnews,RT @CBSNews: Hairstylist with coronavirus worked while symptomatic ‚Äî exposing nearly 100 people https://t.co/xNEkuMQmMW https://t.co/HHHweJ‚Ä¶,-0.2732,0.0,0.13,0.87,1590293131.0
160,Salem_Blackcat2,@cbsnews,@CBSNews Who is she?,0.0,0.0,0.0,1.0,1590293128.0
161,NancysBooze,@cbsnews,@CBSNews https://t.co/b5g8lNHLD5,0.0,0.0,0.0,1.0,1590293127.0
162,GummyWorm4Life,@cbsnews,"RT @CBS_Herridge: More on Flynn, FISA, the unmasking controversy and how both political campaigns were under FBI in 2016. PLUS: A long time‚Ä¶",0.0,0.0,0.0,1.0,1590293123.0
163,roseattorney,@cbsnews,RT @CBSNews: Climate change is causing Antarctica's snow to turn green https://t.co/VEMBxzMZ43 https://t.co/gJCMQIpIje,0.0,0.0,0.0,1.0,1590293123.0
164,dZiiDb,@cbsnews,RT @CBSNews: Climate change is causing Antarctica's snow to turn green https://t.co/VEMBxzMZ43 https://t.co/gJCMQIpIje,0.0,0.0,0.0,1.0,1590293112.0
165,logical_steve_,@cbsnews,"@CBSNews So supposedly he leads in the polls but he‚Äôs barley winning primaries when no one else is in it 

Yeah right",-0.296,0.151,0.224,0.625,1590293112.0
166,cwrujd,@cbsnews,@ABC @CBSNews @NBCNews @CNN @MSNBC https://t.co/Vr9ydAbk2d,0.0,0.0,0.0,1.0,1590293109.0
167,Bularkey,@cbsnews,RT @CBSNews: Biden wins Hawaii primary but still short of enough delegates to clinch nomination https://t.co/DDoRj8xtOZ https://t.co/BOJG6j‚Ä¶,0.3291,0.128,0.0,0.872,1590293106.0
168,NancysBooze,@cbsnews,"@s55_robert @CBSNews I'm sure he is,....I'm sure he is. https://t.co/okPXN5oQmj",0.5574,0.365,0.0,0.635,1590293101.0
169,ZeusMGA,@cbsnews,RT @neednewprez01: @realDonaldTrump @jairbolsonaro U idiots need to STOP. Y‚Äôall are unethical lying cheating corrupt narcissist power grabb‚Ä¶,-0.9222,0.0,0.486,0.514,1590293100.0
170,Wetfeathers,@cbsnews,RT @robjgifford: WATCH @MajorCBS speak with @CBS_Herridge for this week‚Äôs @TakeoutPodcast on CBSN tonight at 9pm ET HERE: https://t.co/7pul‚Ä¶,0.0,0.0,0.0,1.0,1590293099.0
171,scottpw7,@cbsnews,@CBSNews you need to start blocking the trolls,-0.3818,0.0,0.271,0.729,1590293093.0
172,DJGREYBOY,@cbsnews,"@CBSNews hell fucking no....please,",-0.6808,0.0,0.605,0.395,1590293091.0
173,Wetfeathers,@cbsnews,"RT @CBS_Herridge: More on Flynn, FISA, the unmasking controversy and how both political campaigns were under FBI in 2016. PLUS: A long time‚Ä¶",0.0,0.0,0.0,1.0,1590293088.0
174,madquad10,@cbsnews,"RT @tercio_t4: Me ayud√°is a difundir este video en ingles que corre por las redes hablando de las protestas en Espa√±a?
@BBCWorld @CNN @CBSN‚Ä¶",0.0,0.0,0.0,1.0,1590293086.0
175,rjmangus,@cbsnews,"""Those surgical masks work"" said @NYGovCuomo Convenient choice of words by him @CBSNews as he probably already knows ""Face masks should NOT be used in place of surgical masks or filtering facepiece respirators to provide protections..."" https://t.co/D6ov7MfNVT #WearAMaskNY #COVID https://t.co/etl98xbb15",0.0,0.0,0.0,1.0,1590293085.0
176,Mrfredrick11,@cbsnews,RT @CBSNews: Biden asks Amy Klobuchar to undergo vetting as possible running mate https://t.co/h5gpEiAqT9 https://t.co/3eOGUZjeRd,0.0,0.0,0.0,1.0,1590293083.0
177,DementedMinx,@cbsnews,"RT @CBSNews: ""I‚Äôm possible, therefore nothing is impossible!"" This dog lost her front legs in an accident ‚Äì but that hasn't stopped her fro‚Ä¶",-0.2484,0.074,0.148,0.778,1590293076.0
178,TinaAmber7,@cbsnews,@CBSNews On the upside a spell in jail gives them the rare opportunity to spend time with their daddies and sometimes even with their grandaddies.,0.4215,0.104,0.0,0.896,1590293071.0
179,Wile_Coyote_ESQ,@cbsnews,@Nickupcharge @CBSNews RIDE THE TRUMP TRAIN 2020! https://t.co/H5AMIpGmnr,0.0,0.0,0.0,1.0,1590293068.0
180,jaimeight,@cbsnews,@CBSNews Solid pick. Need a president-in-waiting. Abrams or Whitmer second tier.‚Äô,0.1531,0.138,0.0,0.862,1590293065.0
181,MKhaoS_86,@cbsnews,@CBSNews https://t.co/hhizGqkdtD,0.0,0.0,0.0,1.0,1590293060.0
182,kraigallen4,@cbsnews,"Any politician that infringes on your freedom, our constitution must be voted out, or thrown out. 
@NBCNews @CNN @ABC @CBSNews @MSNBC üëàüèº
Democrats always get a pass from these assholes. https://t.co/CJEOvEDERq",0.1027,0.098,0.088,0.814,1590293059.0
183,DAlanLambert2,@cbsnews,@CBSNews Posted 5x since YESTERDAY....,0.0,0.0,0.0,1.0,1590293051.0
184,mjvtjs,@cbsnews,RT @chipfranklin: .@SpeakerPelosi @SenSchumer @RepAdamSchiff @RepJerryNadler @JoeBiden @DNC @ProjectLincoln @MeidasTouch @rosie @MSNBC @NBC‚Ä¶,0.0,0.0,0.0,1.0,1590293049.0
185,WooWooSpaceJew,@cbsnews,"@DesiG1216 @limeyptwo @patrickmills @arto7 @kevinbu65998520 @artbcpa @StevenHarp_ @BoKnowsNews @amyklobuchar @JoeBiden @CBSNews @BadCOVID19Takes No, she didn't. This is obvious since it would have gotten her disbarred.",0.0,0.0,0.0,1.0,1590293040.0
186,attyjimprice,@cbsnews,@CBSNews It seems Biden wants to loose.,-0.3182,0.0,0.277,0.723,1590293040.0
187,ameskifluffball,@cbsnews,"@CBSNews Dems were feeling jealous of repubs being able to have a racist, sexist, sexual abusing corporate tool representing them so they went ahead and did the same with Biden.",-0.8591,0.04,0.267,0.693,1590293037.0
188,NancysBooze,@cbsnews,@EluxTroxl @CBSNews https://t.co/KxXwnqNqrU,0.0,0.0,0.0,1.0,1590293035.0
189,dbillst,@cbsnews,@CBSNews Ain‚Äôt no way she ie VP!!!,-0.4724,0.0,0.339,0.661,1590293031.0
190,JohnHime,@cbsnews,@CBSNews Ol‚Äô Comfortable Shoes.....,0.5106,0.524,0.0,0.476,1590293026.0
191,cwrujd,@cbsnews,@ABC @CBSNews @NBCNews @CNN @MSNBC https://t.co/kfBaBorpqB,0.0,0.0,0.0,1.0,1590293011.0
192,jchaven,@cbsnews,"@CBSNews This campaign has gone 20-years ago white. üôÅ
#BidenHarris",-0.2748,0.0,0.161,0.839,1590293009.0
193,nimrodog,@cbsnews,RT @CBSNews: Biden wins Hawaii primary but still short of enough delegates to clinch nomination https://t.co/DDoRj8xtOZ https://t.co/BOJG6j‚Ä¶,0.3291,0.128,0.0,0.872,1590293006.0
194,kraigallen4,@cbsnews,"@codeofvets Any politician that infringes on your freedom, our constitution must be voted out, or thrown out. 
@NBCNews @CNN @ABC @CBSNews @MSNBC üëàüèº
Democrats always get a pass from these assholes.",0.1027,0.098,0.088,0.814,1590293004.0
195,SchnoodleCat,@cbsnews,RT @CBSNews: Students won't have to take the SAT or ACT to get into the University of California for the next four years https://t.co/Tpq33‚Ä¶,0.0,0.0,0.0,1.0,1590292998.0
196,ExposeSweeden,@cbsnews,@HoosierPapaw @MazurikL @realDonaldTrump @USATODAY @CNN @abcnews @CBSNews @FoxNews @NBCNews @AP @nytimes @washingtonpost @Reuters @BBCWorld @NewsHour @JoeBiden @DNC @gtconway3d Stop watching fakenews and then you will see real news. @EpochTimes @gatewaypundit @Oann @JamesOKeefeIII @RichardGrenell @JudicialWatch @DailyCaller @X22Report @zeroHedge,-0.296,0.0,0.058,0.942,1590292994.0
197,kraigallen4,@cbsnews,"@TracyICQ Any politician that infringes on your freedom, our constitution must be voted out, or thrown out. 
@NBCNews @CNN @ABC @CBSNews @MSNBC üëàüèº
Democrats always get a pass from these assholes.",0.1027,0.098,0.088,0.814,1590292990.0
198,Bodshaw2,@cbsnews,@InAMadWorld111 @BrianGPowell @CBSNews What is sheeple?,0.0,0.0,0.0,1.0,1590292987.0
199,scottpw7,@cbsnews,@armmoran @CBSNews take more English classes,0.0,0.0,0.0,1.0,1590292987.0
200,plain_hiding,@cnn,"RT @SureReality: Dear @cnn and @msnbc - Get off the Joe-bashing. You reported the gaffe, you reported it again, then you reported his apolo‚Ä¶",0.3818,0.102,0.0,0.898,1590293333.0
201,LisaMcIntyre66,@cnn,RT @HerschelWalker: Wow. I just watched former Vice President @JoeBiden... Does he not understand that black and brown skinned people can t‚Ä¶,0.5859,0.153,0.0,0.847,1590293332.0
202,goldmann_oscar,@cnn,"@InspiredAction4 @CNN from one another, no we learn more about the virus every day, how it works, what its made out of and how it functions, no wonder people like you think its a hoax 2/2",-0.4588,0.061,0.159,0.78,1590293332.0
203,MonroeParker144,@cnn,RT @CNN: A school surprised a little girl by including a photo of her service dog in the yearbook https://t.co/QUjNjAgEwH,0.2263,0.091,0.0,0.909,1590293331.0
204,OneAndOnlyReTox,@cnn,"@CNN Put it on shark's heads, come on! https://t.co/c2ARsAsyTR",0.0,0.0,0.0,1.0,1590293331.0
205,BoogalooTexas,@cnn,"@CNN @DaveBautista Soon the world will know that @DaveBautista has been raping children. He can scream and cry all he wants as a diversion, but the world will soon know how disgusting he is!",-0.8932,0.0,0.28,0.72,1590293331.0
206,bitcoinjuggalo7,@cnn,RT @HerschelWalker: Wow. I just watched former Vice President @JoeBiden... Does he not understand that black and brown skinned people can t‚Ä¶,0.5859,0.153,0.0,0.847,1590293330.0
207,wash_keep,@cnn,RT @CNN: A school surprised a little girl by including a photo of her service dog in the yearbook https://t.co/QUjNjAgEwH,0.2263,0.091,0.0,0.909,1590293327.0
208,illuminateheros,@cnn,RT @JonGinTheD: @johnwelIs @CNN where‚Äôs the story? One of your peeps had a surveillance type pic of Trump on a golf course with a few peopl‚Ä¶,0.0,0.0,0.0,1.0,1590293326.0
209,sandcrapper,@cnn,"@muddavugger1 @chartreuxcat @ShawnGrams @MagaRosco @AubreyEl1 @iunderstoodu @Richard16211139 @EnragedApostate @JerseyGirl2inPA @fedmech @MarthaW19860146 @Write_call @10903 @Cigarvolante @dirkduck @ricklundl @RockDots @parkstorm @la_gata_negra17 @CPMF10 @mao2u2 @Kybelle195739 @evil_bastard @LuckyCharms1961 @Richardwaldo1 @CarterRussell @cspanwj @realDonaldTrump @JoeBiden @OANN @BreitbartNews @FoxNews @CNN @MSNBC @SenateGOP @LamarAlexander @AOC @GenFlynn @TheJusticeDept @BarackObama @irs @FBI He dicked around and cost thousands of lives. 
We stayed inside and saved millions.

Donny is a lying crook.
We remove the turd
On November third....

@cspanwj
 @realDonaldTrump 
#MemorialDay2020
#Congress
#VoteBlue",-0.1531,0.036,0.044,0.92,1590293323.0
210,susanmi96148849,@cnn,Haha @JDiamond1 almost called trump ‚Äúdrumpf‚Äù on air!! üëèüëèüëèüëèJeremy!! @cnn @wolfblitzer @CNNSitRoom,0.6331,0.188,0.0,0.812,1590293322.0
211,mariojosenyc,@cnn,Woke up and realized that @realDonaldTrump still around. @CNN @foxnewsalert @CBSNews,0.0,0.0,0.0,1.0,1590293322.0
212,incugneto,@cnn,RT @CNN: The US has successfully tested a new high-energy laser weapon that can destroy aircraft mid-flight https://t.co/NwBULyGQ9O,-0.3612,0.134,0.238,0.628,1590293322.0
213,Liberalsou,@cnn,RT @irishson1916: @realDonaldTrump @FoxNews @CNN https://t.co/kzzJFcwKqJ,0.0,0.0,0.0,1.0,1590293321.0
214,auntrosie_08,@cnn,RT @GhostBetsyRoss: .@CNN @MSNBC,0.0,0.0,0.0,1.0,1590293320.0
215,swapnaoe,@cnn,@CNN Finally!!!!!!,0.0,0.0,0.0,1.0,1590293320.0
216,WahKhanWah,@cnn,RT @CNN: Millions of cicadas are expected to emerge this year after 17 years underground https://t.co/f6GqE4iU7l,0.0,0.0,0.0,1.0,1590293319.0
217,NwaBiaf26910968,@cnn,RT @homelandlove: @MrSomtoOkonkwo @MaziNnamdiKanu @psj_ng @SilentNigeria @StateDept @EURACTIV @UN @EU_Commission @NigeriaGov International‚Ä¶,0.0,0.0,0.0,1.0,1590293317.0
218,Ceejay2313,@cnn,@RT_com @CNN Like RT is any better than CNN at the moment.,0.6597,0.351,0.0,0.649,1590293316.0
219,BusyBes,@cnn,@Tyler_Jordan84 @dgrahamm22 @CNN Fucking haircuts aren‚Äôt worth 91 people exposed.,0.2177,0.189,0.113,0.698,1590293314.0
220,jrock25665,@cnn,"@CNN It‚Äôs Saturday May 23rd, 2020 and Barack Obama was the most corrupt President in US history. 
Thanks. Have a good day.",0.7003,0.225,0.0,0.775,1590293312.0
221,AshleyGoynes,@cnn,"@dahone1 @DavidWohl @realDonaldTrump @FoxNews @CNN @seanhannity @TuckerCarlson @JudgeJeanine @marklevinshow You‚Äôre kidding, right?",0.1027,0.113,0.0,0.887,1590293312.0
222,lilla720,@cnn,RT @CNN: Millions of cicadas are expected to emerge this year after 17 years underground https://t.co/f6GqE4iU7l,0.0,0.0,0.0,1.0,1590293311.0
223,fleadip,@cnn,RT @CNN: A school surprised a little girl by including a photo of her service dog in the yearbook https://t.co/QUjNjAgEwH,0.2263,0.091,0.0,0.909,1590293311.0
224,debbiepond601,@cnn,@CNN Pretzel thinking gives me a headache. How do liberals do it?,0.0,0.0,0.0,1.0,1590293310.0
225,zebra418,@cnn,Free pass again for Joe Biden and Democrats by the Press.  @whpresscorps @CNN @CBSNews this is why no one trusts you guys.  @realDonaldTrump,-0.1164,0.118,0.169,0.713,1590293308.0
226,hubbs1014,@cnn,"RT @CHIZMAGA: If you‚Äôre criticizing one Candidate for playing Golf, yet completely ignore the other candidates Racist Remarks, you‚Äôre proba‚Ä¶",-0.8173,0.066,0.343,0.591,1590293307.0
227,jonette4Biden,@cnn,RT @CNN: Millions of cicadas are expected to emerge this year after 17 years underground https://t.co/f6GqE4iU7l,0.0,0.0,0.0,1.0,1590293307.0
228,MikeHat51160395,@cnn,@PastorCBates @CJBach1 @HerschelWalker @DonaldJTrumpJr @JoeBiden @FoxNews @espn @CNN @POTUS @realDonaldTrump I think you are missing the point. Biden insulted a race of people for thinking one way. Yet you bring up something that has nothing to do with what Biden stated,-0.6705,0.0,0.124,0.876,1590293307.0
229,RWRDad,@cnn,RT @HerschelWalker: Wow. I just watched former Vice President @JoeBiden... Does he not understand that black and brown skinned people can t‚Ä¶,0.5859,0.153,0.0,0.847,1590293306.0
230,Lid79908481,@cnn,@AuslandBorgar @realDonaldTrump @FoxNews @CNN Yeah Donney would like a suit like this,0.7351,0.444,0.0,0.556,1590293304.0
231,ashlisnchz,@cnn,RT @CNN: A school surprised a little girl by including a photo of her service dog in the yearbook https://t.co/QUjNjAgEwH,0.2263,0.091,0.0,0.909,1590293304.0
232,Liberalsou,@cnn,@realDonaldTrump @FoxNews @CNN Elections can be fixed.,0.0,0.0,0.0,1.0,1590293304.0
233,SweetLordHalle1,@cnn,@Anna63163557 @EricVonHaden1 @handel_l @ballweg_matt @YangGangAce @BrendaWinkowsk2 @realDonaldTrump @KayaJones0 @TomiLahren @JoeBiden @ShannonBream @JessicaTarlov @kayleighmcenany @ScottWalker @tammybaldwin @AnnaG3713 @benshapiro @HillaryClinton @ewjjr1 @garyhgoodridge @handelsblatt @BarackObama @jack @RealCandaceO @foxandfriends @SandraSmithFox @FLOTUS @NBCNews @LindseyGrahamSC @VP @senchuckschumer @SenSchumer @charliekirk11 @NRA @IvankaTrump @FoxNews @TuckerCarlson @MeghanMcCain @JoyVBehar @Ilhan @Paula_White @seanhannity @AlexaBliss_WWE @Pontifex @KayaJones @AOC @YaOnlyLivvOnce @bfsrocks @CNN @SashaBanksWWE Funny it be Tinkerbelle people think I am married lol to whom I want to meet this so called wife I don't have,0.7184,0.091,0.0,0.909,1590293303.0
234,DonaldMatulek,@cnn,RT @HerschelWalker: Wow. I just watched former Vice President @JoeBiden... Does he not understand that black and brown skinned people can t‚Ä¶,0.5859,0.153,0.0,0.847,1590293301.0
235,gustav_adolphus,@cnn,@cnn @MSNBC Please. I couldn‚Äôt give a damn if trump wears a mask. He‚Äôs an awful human being. We know that. Please report some real news. &amp; don‚Äôt show his tweets. Not news. Lazy journalism.,0.0026,0.158,0.134,0.707,1590293301.0
236,4Rhondack,@cnn,RT @1RoboBen: @JasonHoffman93 @abdallahcnn @CNN 's audience is aghast.ü§¶‚Äç‚ôÇÔ∏èü§£ü§£ü§£ü§£ü§£ https://t.co/JpempMykYr,0.9201,0.308,0.056,0.636,1590293300.0
237,gina_goldberg,@cnn,RT @CNN: A school surprised a little girl by including a photo of her service dog in the yearbook https://t.co/QUjNjAgEwH,0.2263,0.091,0.0,0.909,1590293299.0
238,Jdstasia,@cnn,"RT @CNN: Sitting in marked socially distanced circles in parks, hugging through plastic, masks everywhere - this is our new normal in pictu‚Ä¶",0.4215,0.113,0.0,0.887,1590293298.0
239,T2015Cubs,@cnn,"@Chris986547 @mileslaw2 @CNN And saying ""more"" people will die isn't good enough.  That's like a physicist using the word ""fast"" to describe speed.",-0.6211,0.086,0.226,0.688,1590293298.0
240,GabrielPerez58,@cnn,@realDonaldTrump @FoxNews @CNN Roger A was a prevert who took advantage of the individuals who helped him with his creation #shameful,-0.0258,0.162,0.126,0.711,1590293296.0
241,RiposteOFF,@cnn,@CNN CNN start to become more and more ridiculous.,-0.469,0.0,0.276,0.724,1590293296.0
242,emsb9786,@cnn,"RT @SureReality: Dear @cnn and @msnbc - Get off the Joe-bashing. You reported the gaffe, you reported it again, then you reported his apolo‚Ä¶",0.3818,0.102,0.0,0.898,1590293295.0
243,TheDieselTech,@cnn,RT @HerschelWalker: Wow. I just watched former Vice President @JoeBiden... Does he not understand that black and brown skinned people can t‚Ä¶,0.5859,0.153,0.0,0.847,1590293293.0
244,manuel_alarcon,@cnn,@CNNInternatDesk @BBCWorld @nytimes @TIME @CNNChile @CNN @washingtonpost @nbc @Reuters @AP @TelegraphNews @ONUChile @TelemundoNews @bbcmundo @dw_espanol @nytvideo @inddhh @tvn @DeutscheWelle @24horas @chvnoticias @meganoticias @tele13alahora @ApoderadosOrg https://t.co/spPVwT9GbU,0.0,0.0,0.0,1.0,1590293292.0
245,Catcher0Holden,@cnn,RT @CNN: A school surprised a little girl by including a photo of her service dog in the yearbook https://t.co/GaGPnJgUV3 https://t.co/KTao‚Ä¶,0.2263,0.087,0.0,0.913,1590293292.0
246,EbonyViera,@cnn,RT @CNN: A school surprised a little girl by including a photo of her service dog in the yearbook https://t.co/QUjNjAgEwH,0.2263,0.091,0.0,0.909,1590293291.0
247,femmesthetics,@cnn,"RT @SureReality: Dear @cnn and @msnbc - Get off the Joe-bashing. You reported the gaffe, you reported it again, then you reported his apolo‚Ä¶",0.3818,0.102,0.0,0.898,1590293289.0
248,IrvingGatell,@cnn,"@iAmCancun @OHarfuch @Claudiashein @CNN @AlJazeera_World @ONU_es @amnesty Lo que resulta rid√≠culo es que @OHarfuch diga que ""la polic√≠a no act√∫a as√≠"", cuando lo cr√≠tico del video es que se ve a la polic√≠a ACTUANDO AS√ç. Alguien le tiene que explicar a Harfuch que el primer paso para cambiar una realidad es aceptarla.",-0.296,0.0,0.041,0.959,1590293289.0
249,InacioTdS,@cnn,"CNN FAKE NEWS @CNN reporting on President Bolsonaro‚Äôs government meeting ignores that the Brazilian President is upset with misuse of federal money received by governors. Those governors are NOT using the money for the people. Yes, Bolsonaro swears - wouldn‚Äôt you? https://t.co/N5n16rxOwY",-0.6841,0.079,0.173,0.748,1590293289.0
250,DJHammersmith,@cnn,"@pragmatometer @CNN This is cognitive dissonance at its peak.

Downplayed the virus but focused on the fact that it was Chinese. Thus irrational and disproportionate impact on Chinese businesses.

Eat at a Chinese business cuz its just like any other business in the US to quell the irrational part.",0.1154,0.115,0.107,0.778,1590293289.0
251,NedaEmrani,@cnn,RT @CNN: A school surprised a little girl by including a photo of her service dog in the yearbook https://t.co/QUjNjAgEwH,0.2263,0.091,0.0,0.909,1590293287.0
252,HonestAbe4you,@cnn,"‚ÄúI‚Äôm teaching my grandson Russian, I‚Äôm a patriot‚Äù #michaelflynn #crooks @TheRickWilson @CNN https://t.co/mdZAUvWrSj https://t.co/SYSrPGSbRj",0.0,0.0,0.0,1.0,1590293287.0
253,JustBel55581393,@cnn,"RT @BrunusCutis: Hey you guys, I don't think Joe Biden said what you think he said because @CNN isn't covering it at all. 

#YouAintBlack #‚Ä¶",0.0,0.0,0.0,1.0,1590293286.0
254,dlrcarolyn,@cnn,RT @CNN: A school surprised a little girl by including a photo of her service dog in the yearbook https://t.co/QUjNjAgEwH,0.2263,0.091,0.0,0.909,1590293286.0
255,idannyb,@cnn,"RT @smalltownandrew: Amy Klobuchar Confession : Hydroxychloroquine Saved her Husband's Life

Wow do you think @CNN or @MSNBC will talk abou‚Ä¶",0.765,0.258,0.0,0.742,1590293285.0
256,zalexandriaaaa,@cnn,RT @CNN: A school surprised a little girl by including a photo of her service dog in the yearbook https://t.co/QUjNjAgEwH,0.2263,0.091,0.0,0.909,1590293285.0
257,MrKjon,@cnn,@cnn Fake news Cnn sugested the VA experimented on VA patient with hydroxychloroquine.,-0.4767,0.0,0.205,0.795,1590293285.0
258,Blackdog8881,@cnn,@CNN Than I should be dead. The media kills more than Covid. #COVIDIOT,-0.8316,0.0,0.415,0.585,1590293283.0
259,goldmann_oscar,@cnn,"@InspiredAction4 @CNN jan 14 2020, whats todays date? do we have new information? see how that works? we find out new information and we change our stance , not rely on old tweets that say ""oh we found no transmission so through the lifespan of this virus theres NO WAY people can be infected from1/2",-0.8348,0.0,0.146,0.854,1590293282.0
260,IowaWizards,@cnn,"RT @smalltownandrew: Amy Klobuchar Confession : Hydroxychloroquine Saved her Husband's Life

Wow do you think @CNN or @MSNBC will talk abou‚Ä¶",0.765,0.258,0.0,0.742,1590293281.0
261,Stephenhasideas,@cnn,@filsdelucie1 @ninaturner @briebriejoy @ABC @CNN @cnnbrk @ChrisCuomo @donlemon @MSNBC @maddow My amazement at their depravity never ends.,0.5423,0.179,0.0,0.821,1590293280.0
262,TLSoundwave,@cnn,RT @CNN: A school surprised a little girl by including a photo of her service dog in the yearbook https://t.co/QUjNjAgEwH,0.2263,0.091,0.0,0.909,1590293280.0
263,Cummings17Troy,@cnn,@beggemoot77 @CNN OMG you are really not that funny. Church fires are usually set by someone outside the church. If this was a house or business then yes I would agree but not a church. I am a career firefighter,0.1938,0.085,0.043,0.872,1590293280.0
264,BBJRanter,@cnn,"RT @SureReality: Dear @cnn and @msnbc - Get off the Joe-bashing. You reported the gaffe, you reported it again, then you reported his apolo‚Ä¶",0.3818,0.102,0.0,0.898,1590293279.0
265,thepoppinator,@cnn,@CNN Send in the Murder Hornets!,-0.7177,0.0,0.5,0.5,1590293279.0
266,Justloo73923556,@cnn,@Adwh08Leblanc @Greg28577996 @CNN I agree there no patience. Though economic ruin is just as harmful. I having been on that end as well. There needs to be a balance and neither side wanted to compromise.,-0.34,0.111,0.144,0.745,1590293279.0
267,manuel_alarcon,@cnn,@CNNInternatDesk @BBCWorld @nytimes @TIME @CNNChile @CNN @washingtonpost @nbc @Reuters @AP @TelegraphNews @ONUChile @TelemundoNews @bbcmundo @dw_espanol @nytvideo @inddhh @tvn @DeutscheWelle @24horas @chvnoticias @meganoticias @tele13alahora @ApoderadosOrg https://t.co/vvW3KvDSzn,0.0,0.0,0.0,1.0,1590293275.0
268,danu728,@cnn,@jak55555 @CNN My son has played 3x already. Carrying his bag &amp; social distancing. Good exercise after sitting in front of two computer screens all day for weeks in his apt. Now they are allowing carts. Good.,0.802,0.194,0.0,0.806,1590293275.0
269,MLluthfi,@cnn,RT @CNN: Johnson &amp; Johnson is abandoning a product that it may be most identified with and has been selling for more than 100 years -- talc‚Ä¶,-0.3818,0.0,0.091,0.909,1590293273.0
270,DeronJackson12,@cnn,@kelly_march79 @mlqdinh @CNN Who do you trust?,0.5106,0.355,0.0,0.645,1590293272.0
271,JoanieRVluv,@cnn,"@NuterDonald @DavidWohl @realDonaldTrump @FoxNews @CNN @seanhannity @TuckerCarlson @JudgeJeanine @marklevinshow You may want to think about &amp; talk about death., the rest of us Americans who are living want to think about &amp; talk about life. Maybe you should go virtue signal those who share your depressing outlook on life",-0.2263,0.133,0.114,0.753,1590293271.0
272,JKeeganParis,@cnn,RT @CNN: A school surprised a little girl by including a photo of her service dog in the yearbook https://t.co/QUjNjAgEwH,0.2263,0.091,0.0,0.909,1590293271.0
273,GentlemanJonD,@cnn,@mattgaetz @pitdogman @GeorgePapa19 Not on @CNN.,0.0,0.0,0.0,1.0,1590293271.0
274,pegahoot,@cnn,RT @CNN: A school surprised a little girl by including a photo of her service dog in the yearbook https://t.co/QUjNjAgEwH,0.2263,0.091,0.0,0.909,1590293269.0
275,RITAMACEDO011,@cnn,"@CNN ESTA JOHNSON &amp; JONHSON, SEMPRE CUIDANDO DA MINHA FAM√çLIA...ü•∞üòç",0.7184,0.261,0.0,0.739,1590293268.0
276,rosychevalier,@cnn,RT @HerschelWalker: Wow. I just watched former Vice President @JoeBiden... Does he not understand that black and brown skinned people can t‚Ä¶,0.5859,0.153,0.0,0.847,1590293267.0
277,jcannillo,@cnn,@CNN Oh ok.,0.0,0.0,0.0,1.0,1590293267.0
278,anzac_j,@cnn,@rwdadchat @ChrisCuomo @CNN Prop comedy is a more legitimate form of news than normal CNN news broadcasts. I trust Carrot Top more than Don Lemon.,0.765,0.257,0.0,0.743,1590293264.0
279,turn_itt_up,@cnn,RT @CNN: There may be hope yet for NBA fans. The NBA and the National Basketball Players Association are in talks with The Walt Disney Comp‚Ä¶,0.4404,0.104,0.0,0.896,1590293264.0
280,MezzettiMaya,@cnn,"RT @ananavarro: For months, @CNN has carried almost 24/7 sobering Covid-news. A few minutes of friendly bantering b/w 2 brothers w/high-pro‚Ä¶",0.3976,0.135,0.064,0.801,1590293264.0
281,PatDeplorable,@cnn,@Justin1210O @h8terb8terlynn @J_MAGA @LionsDen45 @JudyHopkins @skb_sara @johnpecco1 @morethanmySLE @ChrisCuomo @WHO @realDonaldTrump @POTUS @CNN And you‚Äôre voting for this. Smart feller https://t.co/V65CZ4YXpF,0.481,0.135,0.0,0.865,1590293263.0
282,ZappitelliLucia,@cnn,RT @HerschelWalker: Wow. I just watched former Vice President @JoeBiden... Does he not understand that black and brown skinned people can t‚Ä¶,0.5859,0.153,0.0,0.847,1590293263.0
283,BusyBes,@cnn,@Tyler_Jordan84 @dgrahamm22 @CNN Me too as a nurse,0.0,0.0,0.0,1.0,1590293262.0
284,anyThought01,@cnn,"@KB37884925 @CNN Given, the US population is 380,000,000 x .001 =380,000 deaths. You are okay with this??",0.3094,0.124,0.0,0.876,1590293261.0
285,MagaRosco,@cnn,"@AubreyEl1 @cspanSnark @iunderstoodu @muddavugger1 @chartreuxcat @sandcrapper @ShawnGrams @Richard16211139 @EnragedApostate @JerseyGirl2inPA @fedmech @MarthaW19860146 @Write_call @10903 @Cigarvolante @dirkduck @ricklundl @RockDots @parkstorm @la_gata_negra17 @CPMF10 @mao2u2 @Kybelle195739 @evil_bastard @LuckyCharms1961 @Richardwaldo1 @CarterRussell @cspanwj @realDonaldTrump @JoeBiden @OANN @BreitbartNews @FoxNews @CNN @MSNBC @SenateGOP @LamarAlexander @AOC @GenFlynn @TheJusticeDept No, the case is not in the Court of Appeals.",0.0,0.0,0.0,1.0,1590293260.0
286,DonChambers16,@cnn,@CNN https://t.co/ZQh0jbL1UH,0.0,0.0,0.0,1.0,1590293259.0
287,PMIPL_media,@cnn,RT @PMIPL_media: @CNN But why this asbestos powder by #johnson &amp; Johnson allowed to be sold in india #bharat which is clinically proven2 be‚Ä¶,0.0,0.0,0.0,1.0,1590293259.0
288,LG1215,@cnn,@CNN doesn't look anything like that in my community,-0.2755,0.0,0.209,0.791,1590293259.0
289,Just_Whitey,@cnn,RT @realDonaldTrump: Why doesn‚Äôt @FoxNews put up the CNBC POLL or the (believe it or not!) @CNN Poll? Hope Roger A is looking down and watc‚Ä¶,-0.4015,0.0,0.097,0.903,1590293259.0
290,Coloradogal14,@cnn,RT @GordyDoesNotLie: @CNN Reeee....... https://t.co/oP7GPAUiUj,0.0,0.0,0.0,1.0,1590293258.0
291,mejay227,@cnn,@JoeNBC @AriMelber @CNN @MSNBC https://t.co/YIR9mz2iqO,0.0,0.0,0.0,1.0,1590293257.0
292,T2015Cubs,@cnn,"@Chris986547 @mileslaw2 @CNN Tell me, what WILL happen if we reopen before there is a cure?  You said ""people will die.""  Ok - can you quantify that?  Because people will die just the same if we don't reopen.  Are they not dying right now?",-0.7987,0.043,0.162,0.795,1590293257.0
293,EdwardTorresELE,@cnn,RT @sfbasketballac: @CNN This still isn‚Äôt organized yet? It‚Äôs really that hard? I could see if this was in a time before electricity. But t‚Ä¶,-0.1777,0.0,0.066,0.934,1590293256.0
294,OldWestOutlaw,@cnn,"@SamHast01707450 @keatonc33 @hmc_mrs @CNN Did anyone ever state superiority? When reading, please continue to the end, and demonstrate some follow-through for once for heaven‚Äôs sake.",0.5719,0.17,0.0,0.83,1590293256.0
295,AwareMap,@cnn,RT @CNN: Johnson &amp; Johnson is abandoning a product that it may be most identified with and has been selling for more than 100 years -- talc‚Ä¶,-0.3818,0.0,0.091,0.909,1590293254.0
296,Ratha08908161,@cnn,@CNN CNN. Racist Joe,-0.6124,0.0,0.571,0.429,1590293252.0
297,indiajannah,@cnn,RT @CNN: Miami-Dade authorities have arrested and charged a woman in the death of her 9-year-old son with autism after they say she falsely‚Ä¶,-0.8316,0.0,0.295,0.705,1590293252.0
298,eswizardry,@cnn,RT @CNN: Johnson &amp; Johnson is abandoning a product that it may be most identified with and has been selling for more than 100 years -- talc‚Ä¶,-0.3818,0.0,0.091,0.909,1590293251.0
299,abaye_UG,@cnn,"RT @jbarchuk: @BubbyBelle @CNN True, but this is The Big One.  https://t.co/o5bi7KLz5j",0.2263,0.147,0.0,0.853,1590293248.0
300,theghettojoker,@foxnews,Joe biden mind is so gone he thought he was black when @breakfastclubam @ZoomTV called him...(tgj) @CNN @FoxNews @MSNBC @WSJ @CNBC @politico @newsmax @WSHH @thehill @CNBC @theblaze,0.0,0.0,0.0,1.0,1590293336.0
301,herbertsfavori1,@foxnews,"RT @jrheisler: @realDonaldTrump @FoxNews @CNN Roger, if anything has to look up.",0.0,0.0,0.0,1.0,1590293336.0
302,LisaMcIntyre66,@foxnews,RT @HerschelWalker: Wow. I just watched former Vice President @JoeBiden... Does he not understand that black and brown skinned people can t‚Ä¶,0.5859,0.153,0.0,0.847,1590293332.0
303,bitcoinjuggalo7,@foxnews,RT @HerschelWalker: Wow. I just watched former Vice President @JoeBiden... Does he not understand that black and brown skinned people can t‚Ä¶,0.5859,0.153,0.0,0.847,1590293330.0
304,TravelingUS,@foxnews,"RT @frannie1225: @nytimes https://t.co/1KSgdp4aQC
@MarALago @FoxNews MEANWHILE TRUMP IS GOLFING TO HIS HEARTS CONTENT &amp; HE DOESN'T GIVE A D‚Ä¶",0.0,0.0,0.0,1.0,1590293323.0
305,sandcrapper,@foxnews,"@muddavugger1 @chartreuxcat @ShawnGrams @MagaRosco @AubreyEl1 @iunderstoodu @Richard16211139 @EnragedApostate @JerseyGirl2inPA @fedmech @MarthaW19860146 @Write_call @10903 @Cigarvolante @dirkduck @ricklundl @RockDots @parkstorm @la_gata_negra17 @CPMF10 @mao2u2 @Kybelle195739 @evil_bastard @LuckyCharms1961 @Richardwaldo1 @CarterRussell @cspanwj @realDonaldTrump @JoeBiden @OANN @BreitbartNews @FoxNews @CNN @MSNBC @SenateGOP @LamarAlexander @AOC @GenFlynn @TheJusticeDept @BarackObama @irs @FBI He dicked around and cost thousands of lives. 
We stayed inside and saved millions.

Donny is a lying crook.
We remove the turd
On November third....

@cspanwj
 @realDonaldTrump 
#MemorialDay2020
#Congress
#VoteBlue",-0.1531,0.036,0.044,0.92,1590293323.0
306,kinguty7789,@foxnews,"RT @realDonaldTrump: Many will disagree, but @FoxNews is doing nothing to help Republicans, and me, get re-elected on November 3rd. Sure, t‚Ä¶",-0.1869,0.111,0.176,0.713,1590293323.0
307,wAHwAHwEEHwAH,@foxnews,@FoxNews https://t.co/Hdv9vWjyiR,0.0,0.0,0.0,1.0,1590293321.0
308,Liberalsou,@foxnews,RT @irishson1916: @realDonaldTrump @FoxNews @CNN https://t.co/kzzJFcwKqJ,0.0,0.0,0.0,1.0,1590293321.0
309,AshleyGoynes,@foxnews,"@dahone1 @DavidWohl @realDonaldTrump @FoxNews @CNN @seanhannity @TuckerCarlson @JudgeJeanine @marklevinshow You‚Äôre kidding, right?",0.1027,0.113,0.0,0.887,1590293312.0
310,MikeHat51160395,@foxnews,@PastorCBates @CJBach1 @HerschelWalker @DonaldJTrumpJr @JoeBiden @FoxNews @espn @CNN @POTUS @realDonaldTrump I think you are missing the point. Biden insulted a race of people for thinking one way. Yet you bring up something that has nothing to do with what Biden stated,-0.6705,0.0,0.124,0.876,1590293307.0
311,papamikefox2,@foxnews,RT @FoxNews: https://t.co/mm7Gicv67z,0.0,0.0,0.0,1.0,1590293306.0
312,Naluk16,@foxnews,RT @FoxNews: https://t.co/tdxiIcn9ZN,0.0,0.0,0.0,1.0,1590293306.0
313,RWRDad,@foxnews,RT @HerschelWalker: Wow. I just watched former Vice President @JoeBiden... Does he not understand that black and brown skinned people can t‚Ä¶,0.5859,0.153,0.0,0.847,1590293306.0
314,jsgourevitch,@foxnews,"RT @AnandWrites: And before @FoxNews and its junkies come after me, let me preempt the response I know you're preparing.

No, your ancestor‚Ä¶",0.0,0.0,0.0,1.0,1590293305.0
315,Lid79908481,@foxnews,@AuslandBorgar @realDonaldTrump @FoxNews @CNN Yeah Donney would like a suit like this,0.7351,0.444,0.0,0.556,1590293304.0
316,DaleDiswaneck,@foxnews,RT @realDonaldTrump: .@FoxNews should fire their Fake Pollster. Never had a good Fox Poll! https://t.co/joHfkQwd9L,-0.8019,0.0,0.406,0.594,1590293304.0
317,Liberalsou,@foxnews,@realDonaldTrump @FoxNews @CNN Elections can be fixed.,0.0,0.0,0.0,1.0,1590293304.0
318,robert_bleil,@foxnews,@therosemom10 @krantz_corey @pantomath__ @realDonaldTrump @FoxNews You‚Äôre a racist that‚Äôs all there is too it you either are or aren‚Äôt and pretending to be outraged over racism is just compensating for you‚Äôre despicable views regarding race religion and sex,-0.9042,0.03,0.247,0.723,1590293303.0
319,SweetLordHalle1,@foxnews,@Anna63163557 @EricVonHaden1 @handel_l @ballweg_matt @YangGangAce @BrendaWinkowsk2 @realDonaldTrump @KayaJones0 @TomiLahren @JoeBiden @ShannonBream @JessicaTarlov @kayleighmcenany @ScottWalker @tammybaldwin @AnnaG3713 @benshapiro @HillaryClinton @ewjjr1 @garyhgoodridge @handelsblatt @BarackObama @jack @RealCandaceO @foxandfriends @SandraSmithFox @FLOTUS @NBCNews @LindseyGrahamSC @VP @senchuckschumer @SenSchumer @charliekirk11 @NRA @IvankaTrump @FoxNews @TuckerCarlson @MeghanMcCain @JoyVBehar @Ilhan @Paula_White @seanhannity @AlexaBliss_WWE @Pontifex @KayaJones @AOC @YaOnlyLivvOnce @bfsrocks @CNN @SashaBanksWWE Funny it be Tinkerbelle people think I am married lol to whom I want to meet this so called wife I don't have,0.7184,0.091,0.0,0.909,1590293303.0
320,DonaldMatulek,@foxnews,RT @HerschelWalker: Wow. I just watched former Vice President @JoeBiden... Does he not understand that black and brown skinned people can t‚Ä¶,0.5859,0.153,0.0,0.847,1590293301.0
321,asmith6719,@foxnews,@6FtFromTheRona @FoxNews https://t.co/s6K6D31BZw,0.0,0.0,0.0,1.0,1590293301.0
322,USA_Bev,@foxnews,Neil Cavuto keeps regurgitating the same things the Dems are saying about Hydroxychloroquin that it‚Äôs dangerous @FoxNews should put someone else on Fox News in his time slot &amp; just let him spew this junk on his Fox Business show #WattersWorld,-0.4767,0.0,0.072,0.928,1590293301.0
323,GabrielPerez58,@foxnews,@realDonaldTrump @FoxNews @CNN Roger A was a prevert who took advantage of the individuals who helped him with his creation #shameful,-0.0258,0.162,0.126,0.711,1590293296.0
324,AlecfRusso,@foxnews,@BreitbartNews @FoxNews seems Fox News has t learned of the ballot box stuffing in PA?,0.0,0.0,0.0,1.0,1590293296.0
325,TheDieselTech,@foxnews,RT @HerschelWalker: Wow. I just watched former Vice President @JoeBiden... Does he not understand that black and brown skinned people can t‚Ä¶,0.5859,0.153,0.0,0.847,1590293293.0
326,SamuelWang2018,@foxnews,RT @FoxNews: https://t.co/mm7Gicv67z,0.0,0.0,0.0,1.0,1590293288.0
327,ZosoTheRover,@foxnews,"@Doosekoop @JmkWalkow @RealOmarNavarro @realDonaldTrump @FoxNews But when he said it it wasn't true. That was the whole start of this conversation. It was a statement of fact that when he made it was not true. Trump lies. Everyone knows it. You apparently are okay with it. A lot of us aren't, so we will take him out in November. Bigly.",-0.165,0.079,0.089,0.832,1590293282.0
328,csherrit2,@foxnews,@LionelMedia @FoxNews Trying to block recall petitioners from collecting signatures due I believe by July 1st.,-0.4404,0.0,0.162,0.838,1590293281.0
329,RSakitis,@foxnews,RT @FoxNews: https://t.co/mm7Gicv67z,0.0,0.0,0.0,1.0,1590293279.0
330,csd,@foxnews,"@lesleyabravanel @FoxNews @GrecianFormula Wait, my favorite game is Kim Jong Un's favorite game? I'll bet he's a camping little bitch. #WOT #WOTConsole",0.3597,0.21,0.123,0.667,1590293277.0
331,6ftmommy,@foxnews,RT @FoxNews: https://t.co/mm7Gicv67z,0.0,0.0,0.0,1.0,1590293276.0
332,DGilles96024283,@foxnews,"RT @GeorgeASmirnoff: @ananavarro @GOP @FoxNews and #MAGA logic:

Businesses can:
1) decide to not bake your cake
2) decide to not pay for r‚Ä¶",0.0762,0.053,0.0,0.947,1590293270.0
333,KehiOmogiate,@foxnews,RT @FoxNews: https://t.co/mm7Gicv67z,0.0,0.0,0.0,1.0,1590293270.0
334,TinaGra35519458,@foxnews,"Y‚Äôall, I watch @FoxNews so much, I know who‚Äôs speaking on tv...from another room.  ü§∑üèº‚Äç‚ôÄÔ∏è",0.0,0.0,0.0,1.0,1590293267.0
335,rosychevalier,@foxnews,RT @HerschelWalker: Wow. I just watched former Vice President @JoeBiden... Does he not understand that black and brown skinned people can t‚Ä¶,0.5859,0.153,0.0,0.847,1590293267.0
336,adcjj,@foxnews,@FoxNews üá∫üá∏Thudüá∫üá∏,0.0,0.0,0.0,1.0,1590293265.0
337,Freedom77394374,@foxnews,"RT @WarRoomPandemic: TONIGHT: Steve Bannon joins @JesseBWatters live on @WattersWorld with an exclusive interview on reopening the economy,‚Ä¶",0.128,0.081,0.0,0.919,1590293263.0
338,ZappitelliLucia,@foxnews,RT @HerschelWalker: Wow. I just watched former Vice President @JoeBiden... Does he not understand that black and brown skinned people can t‚Ä¶,0.5859,0.153,0.0,0.847,1590293263.0
339,duckster46,@foxnews,RT @realDonaldTrump: .@FoxNews should fire their Fake Pollster. Never had a good Fox Poll!,-0.8019,0.0,0.427,0.573,1590293262.0
340,MagaRosco,@foxnews,"@AubreyEl1 @cspanSnark @iunderstoodu @muddavugger1 @chartreuxcat @sandcrapper @ShawnGrams @Richard16211139 @EnragedApostate @JerseyGirl2inPA @fedmech @MarthaW19860146 @Write_call @10903 @Cigarvolante @dirkduck @ricklundl @RockDots @parkstorm @la_gata_negra17 @CPMF10 @mao2u2 @Kybelle195739 @evil_bastard @LuckyCharms1961 @Richardwaldo1 @CarterRussell @cspanwj @realDonaldTrump @JoeBiden @OANN @BreitbartNews @FoxNews @CNN @MSNBC @SenateGOP @LamarAlexander @AOC @GenFlynn @TheJusticeDept No, the case is not in the Court of Appeals.",0.0,0.0,0.0,1.0,1590293260.0
341,Just_Whitey,@foxnews,RT @realDonaldTrump: Why doesn‚Äôt @FoxNews put up the CNBC POLL or the (believe it or not!) @CNN Poll? Hope Roger A is looking down and watc‚Ä¶,-0.4015,0.0,0.097,0.903,1590293259.0
342,Lilhobo538,@foxnews,"@FoxNews Wasn't he thanking the President a while back and complimenting him on what a great job he was doing and thanking him for all of the PPE????ü§îü§îü§î
Why would you blame someone that you have been thanking???",0.7882,0.162,0.046,0.792,1590293251.0
343,Scott59369735,@foxnews,"@JonahDispatch One thing for sure, no one gives a rats ass about Jonah the tool ...@FoxNews please let this goober go....he brings nothing to the table except a bad haircut and stale opinions...hire a liberal or hire a conservative or hire a scholar of no particular POV but fire Jonah",-0.7579,0.058,0.189,0.753,1590293248.0
344,MarvLBluechip,@foxnews,RT @FoxNews: https://t.co/NQQjOEYR1c,0.0,0.0,0.0,1.0,1590293244.0
345,ojewalz,@foxnews,"RT @GeorgeASmirnoff: @ananavarro @GOP @FoxNews and #MAGA logic:

Businesses can:
1) decide to not bake your cake
2) decide to not pay for r‚Ä¶",0.0762,0.053,0.0,0.947,1590293243.0
346,ATasteOfAfrica7,@foxnews,"RT @Victor35517418: Look at what the fulanis did to this man in his own farm land in Enugu state biafra land 

Support biafra referendum su‚Ä¶",0.4019,0.101,0.0,0.899,1590293242.0
347,HighlyOutspoken,@foxnews,"@FoxNews is biased but it‚Äôs disingenuous and idiotic to suggest that @CNN, @MSNBC, @ABC, and others aren‚Äôt equally or more biased in the opposite direction.",-0.8604,0.0,0.302,0.698,1590293241.0
348,de_mico,@foxnews,RT @FoxNews: https://t.co/NQQjOEYR1c,0.0,0.0,0.0,1.0,1590293237.0
349,USAPatriot1,@foxnews,RT @FoxNews: https://t.co/yXkmmxrt34,0.0,0.0,0.0,1.0,1590293236.0
350,Mpaou812,@foxnews,@FoxNews Never see a story like this on MSNBC or CNN,0.3612,0.2,0.0,0.8,1590293233.0
351,JayeshP20856132,@foxnews,@CNN @CNNPolitics @FoxNews @foxandfriends @washingtonpost @realDonaldTrump @SpeakerPelosi @ChrisCuomo the only people killing the Social security system is demoKkkrats.,-0.4588,0.105,0.193,0.702,1590293224.0
352,DonaldHolder19,@foxnews,@BridgetKF30 @FoxNews @OANN @POTUS Smart young lady!,0.4574,0.333,0.0,0.667,1590293224.0
353,LeslieLAllen2,@foxnews,"@ieatthefox @HandsomeSean1 @Do_Or_Do_Notty @GoJackFlynn @JosephJFlynn1 @flynn_neill @lofly727 @BarbaraRedgate @GenFlynn @SidneyPowell1 @FoxNews @FBI @CIA No. I actually read the docs. You could do the same &amp; make up your own mind, but you won't. I didn't vote for Trump in 2016. Since then, I got curious what the hubbub was about, so I LOOKED AT THE EVIDENCE. The actual docs. Trump's not perfect, but he didn't deserve #ObamaGate.",-0.261,0.041,0.056,0.903,1590293223.0
354,America_1st_NOW,@foxnews,RT @HerschelWalker: Wow. I just watched former Vice President @JoeBiden... Does he not understand that black and brown skinned people can t‚Ä¶,0.5859,0.153,0.0,0.847,1590293223.0
355,lisa_cable,@foxnews,RT @FoxNews: https://t.co/AOvlDFfb58,0.0,0.0,0.0,1.0,1590293218.0
356,mcg_III,@foxnews,"@BlueLiberal4U @DJTsavesAmerica @MAGAGIRL4LYF @FoxNews Your poll tanked and Biden is white and rich and Democrat. And being a Democrat,  he uses color as a means to win votes. And hes been Democrat for 40 years and i wd like to see a list of policies Biden has implemented that has helped Black Americans over 40 yrs.",0.9274,0.207,0.0,0.793,1590293218.0
357,BhairavShiva,@foxnews,"@CREWcrew @PNS_News @ZeldaOfficialJP @Disney @SquareEnix @Marvel @MarvelUK @MarvelStudios @DCComics @Steam @FoxNews @CNNPolitics @Pontifex @CatholicNewsSvc @CatholicUniv @Ch_JesusChrist @ComeUntoChrist @BookofMormon 

Boing-oing! The time is now 8:08 https://t.co/lGgmAJu6pp",0.4753,0.114,0.0,0.886,1590293213.0
358,beth_mulvihill,@foxnews,RT @FoxNews: https://t.co/NQQjOEYR1c,0.0,0.0,0.0,1.0,1590293211.0
359,rafaelgil251051,@foxnews,RT @FoxNews: https://t.co/NQQjOEYR1c,0.0,0.0,0.0,1.0,1590293208.0
360,StrongSanford,@foxnews,"@DistractedCook @debrakj @FoxNews @CNN @MSNBC I apologize, I just saw this!

I think they're pretty well fed right now! I'll update you tomorrow if you'd like!

Thank you!!",0.8972,0.359,0.0,0.641,1590293204.0
361,NvrRyan,@foxnews,"RT @PMgeezer: From @marklevinshow on @Foxnews ...
Obama normalized domestic SPYING. 
Please watch! https://t.co/yZAkyFLhyi",0.3802,0.166,0.0,0.834,1590293203.0
362,gina_vezla,@foxnews,RT @FoxNews: https://t.co/NQQjOEYR1c,0.0,0.0,0.0,1.0,1590293201.0
363,shortman_9,@foxnews,https://t.co/qXnVJZFU2v @RachelFOX45News  @RachelANews @Fox45Photogs @MrPolitics76 @MaryBubalaFox45 @FCC @EddieGriffinCom @EdNorrisShow @BmoreBloc @jemillerwbal @zzwagil @sarafina_harper @FoxNews @capgaznews @jemillerwbal @DianaSugg @GayleKing @realDonaldTrump,0.0,0.0,0.0,1.0,1590293199.0
364,1SikKat,@foxnews,RT @FoxNews: https://t.co/AOvlDFfb58,0.0,0.0,0.0,1.0,1590293198.0
365,LisaAdcock15,@foxnews,"RT @WarRoomPandemic: TONIGHT: Steve Bannon joins @JesseBWatters live on @WattersWorld with an exclusive interview on reopening the economy,‚Ä¶",0.128,0.081,0.0,0.919,1590293197.0
366,olivia92890442,@foxnews,@FoxNews Rest In Peace to all the fallen soldiers,0.25,0.269,0.192,0.538,1590293194.0
367,patinocva59,@foxnews,RT @FoxNews: https://t.co/2qdU7FPo55,0.0,0.0,0.0,1.0,1590293192.0
368,fassbear,@foxnews,"RT @WarRoomPandemic: TONIGHT: Steve Bannon joins @JesseBWatters live on @WattersWorld with an exclusive interview on reopening the economy,‚Ä¶",0.128,0.081,0.0,0.919,1590293190.0
369,polish_baker,@foxnews,"RT @AndrewCMcCarthy: Rice tried to protect Obama, blame Comey for withholding intelligence from Flynn &amp; Trump team - my ‚Å¶@FoxNews‚Å© ‚Å¶@FoxNew‚Ä¶",0.5106,0.218,0.092,0.69,1590293188.0
370,lmcart,@foxnews,@GOPChairwoman How long did it take @FoxNews ?  Have THEY mentioned that the Mueller Report did not exonerate the @POTUS ?  It‚Äôs a 2 way street and never the Twain shall meet?,-0.4352,0.0,0.085,0.915,1590293184.0
371,AnneWil907,@foxnews,RT @HerschelWalker: Wow. I just watched former Vice President @JoeBiden... Does he not understand that black and brown skinned people can t‚Ä¶,0.5859,0.153,0.0,0.847,1590293182.0
372,PObserver2020,@foxnews,@realdonaldtrump @seanhannity @TuckerCarlson @foxnews @thehill @abc @wsj @forbes @ap @reuters @people @gma @usatoday @todayshow @time NY Gov Cuomo and CA Gov Newsom guilty of crimes against humanity by locking down nursing homes while simultaneosuly infecting them with COVID-19.,-0.4215,0.0,0.07,0.93,1590293182.0
373,ShakyMcGee,@foxnews,RT @TalbertSwan: @realDonaldTrump @FoxNews @CNN Roger A resigned from Fox News in disgrace after over 20 women accused him of sexual assaul‚Ä¶,-0.7506,0.0,0.28,0.72,1590293181.0
374,AMemedna,@foxnews,"RT @realDonaldTrump: Many will disagree, but @FoxNews is doing nothing to help Republicans, and me, get re-elected on November 3rd. Sure, t‚Ä¶",-0.1869,0.111,0.176,0.713,1590293181.0
375,69sean1,@foxnews,RT @realDonaldTrump: Why doesn‚Äôt @FoxNews put up the CNBC POLL or the (believe it or not!) @CNN Poll? Hope Roger A is looking down and watc‚Ä¶,-0.4015,0.0,0.097,0.903,1590293180.0
376,1SikKat,@foxnews,RT @FoxNews: https://t.co/NQQjOEYR1c,0.0,0.0,0.0,1.0,1590293180.0
377,BBBudget,@foxnews,"RT @WarRoomPandemic: TONIGHT: Steve Bannon joins @JesseBWatters live on @WattersWorld with an exclusive interview on reopening the economy,‚Ä¶",0.128,0.081,0.0,0.919,1590293177.0
378,terryga72484662,@foxnews,RT @FoxNews: https://t.co/NQQjOEYR1c,0.0,0.0,0.0,1.0,1590293172.0
379,mustdrinkmore,@foxnews,"RT @AnandWrites: And before @FoxNews and its junkies come after me, let me preempt the response I know you're preparing.

No, your ancestor‚Ä¶",0.0,0.0,0.0,1.0,1590293169.0
380,jacquelineTack8,@foxnews,@MiaFarrow @realDonaldTrump @FoxNews Hollywood is ALAS having a tantrum üòú lololololol üòú and what else is NEW my whole life already üòú,-0.6841,0.0,0.163,0.837,1590293165.0
381,BobPSU,@foxnews,@realDonaldTrump @FoxNews @CNN Stick with @JustTheNews and @BreitbartNews,0.0,0.0,0.0,1.0,1590293160.0
382,skithepowder71,@foxnews,"@KathySchultheis @FoxNews @PaulRyan See what happens when you speak the truth, Fox is changing for the worse.",-0.2023,0.113,0.152,0.735,1590293158.0
383,Footfreak5150,@foxnews,@Locs1957 @BridgetKF30 @JaniceB69003025 @FoxNews @OANN @POTUS VERY,0.0,0.0,0.0,1.0,1590293156.0
384,JtCarter19,@foxnews,RT @HerschelWalker: Wow. I just watched former Vice President @JoeBiden... Does he not understand that black and brown skinned people can t‚Ä¶,0.5859,0.153,0.0,0.847,1590293154.0
385,mmchars,@foxnews,RT @jdfkaf: @realDonaldTrump Pray @FoxNews doesn‚Äôt fire Jesse as they did with @trish_regan,-0.0258,0.146,0.153,0.701,1590293153.0
386,ShadowB88750056,@foxnews,RT @FoxNews: https://t.co/NQQjOEYR1c,0.0,0.0,0.0,1.0,1590293153.0
387,mesteve16,@foxnews,RT @realDonaldTrump: .@FoxNews should fire their Fake Pollster. Never had a good Fox Poll!,-0.8019,0.0,0.427,0.573,1590293151.0
388,theconservador,@foxnews,"@MariaBartiromo @MorningsMaria @FoxBusiness @SundayFutures @FoxNews Ha! I came here to see what guests tomorrow. Then I realized you did another flag picture last Memorial day.
The schedule says new tomorrow. Guests?",0.0,0.0,0.0,1.0,1590293150.0
389,1winningtwit,@foxnews,There‚Äôs only one Presidential candidate who has proven they know how to create a record economic boon.  Why would you ever take a chance with Biden who has accomplished NOTHING except being a sidekick. VOTE TRUMP! @FoxNews @realDonaldTrump @JoeBiden #VoteTrump2020,0.7424,0.165,0.0,0.835,1590293148.0
390,Rockstar5588,@foxnews,@FoxNews https://t.co/uneNyLp0ha,0.0,0.0,0.0,1.0,1590293148.0
391,KyBourbonLover,@foxnews,@BridgetKF30 @lloyd4man @FoxNews @OANN @POTUS Great picture! üëäüëç,0.6588,0.305,0.0,0.695,1590293146.0
392,Boomersaurus,@foxnews,"@FoxNews Yup. Watch for COVID spikes in a week.

https://t.co/3D4q0nSSGP",0.0,0.0,0.0,1.0,1590293145.0
393,GenevieveMcCun1,@foxnews,RT @HerschelWalker: Wow. I just watched former Vice President @JoeBiden... Does he not understand that black and brown skinned people can t‚Ä¶,0.5859,0.153,0.0,0.847,1590293141.0
394,abbyduf27438837,@foxnews,RT @FoxNews: https://t.co/2qdU7FPo55,0.0,0.0,0.0,1.0,1590293141.0
395,PMgeezer,@foxnews,"From @marklevinshow on @Foxnews ...
Obama normalized domestic SPYING. 
Please watch! https://t.co/yZAkyFLhyi",0.3802,0.191,0.0,0.809,1590293141.0
396,DatafalhaR,@foxnews,Quando teremos uma @FoxNews no Brasil? J√° temos ! @tercalivre,-0.3595,0.0,0.217,0.783,1590293137.0
397,KhalidM61647083,@foxnews,@BBCPanorama @KavosYT @KEEMSTAR @h3h3productions @guardian @CNN @FoxNews @RT_com @AlJazeera @TheQuartering,0.0,0.0,0.0,1.0,1590293136.0
398,SweetLordHalle1,@foxnews,"@Anna63163557 @EricVonHaden1 @handel_l @ballweg_matt @YangGangAce @BrendaWinkowsk2 @realDonaldTrump @KayaJones0 @TomiLahren @JoeBiden @ShannonBream @JessicaTarlov @kayleighmcenany @ScottWalker @tammybaldwin @AnnaG3713 @benshapiro @HillaryClinton @ewjjr1 @garyhgoodridge @handelsblatt @BarackObama @jack @RealCandaceO @foxandfriends @SandraSmithFox @FLOTUS @NBCNews @LindseyGrahamSC @VP @senchuckschumer @SenSchumer @charliekirk11 @NRA @IvankaTrump @FoxNews @TuckerCarlson @MeghanMcCain @JoyVBehar @Ilhan @Paula_White @seanhannity @AlexaBliss_WWE @Pontifex @KayaJones @AOC @YaOnlyLivvOnce @bfsrocks @CNN @SashaBanksWWE O girl is god testing ya n ya mind isn't thinking correctly as iFather Jehovah is I witness I am not married or have AA girlfriend n thats why truth hey if ya don't like I than block I girl its ya choice not I choice til ya do it we all goid 
But I will say I am not waiting 4ever",-0.0785,0.028,0.031,0.942,1590293134.0
399,KennethHowardC3,@foxnews,RT @GreatRedHope: @FoxNews Joe Biden will never be President.,0.0,0.0,0.0,1.0,1590293131.0
400,lut_gonzalez,@nytimes,"RT @nytimes: The front page of The New York Times for May 24, 2020 https://t.co/Mp4figjnQe",0.0,0.0,0.0,1.0,1590293338.0
401,panashdash,@nytimes,"RT @nytimes: The front page of The New York Times for May 24, 2020 https://t.co/Mp4figjnQe",0.0,0.0,0.0,1.0,1590293338.0
402,KNDmex,@nytimes,"RT @nytimes: The front page of The New York Times for May 24, 2020 https://t.co/Mp4figjnQe",0.0,0.0,0.0,1.0,1590293338.0
403,alaskarebel,@nytimes,"RT @nytimes: The front page of The New York Times for May 24, 2020 https://t.co/Mp4figjnQe",0.0,0.0,0.0,1.0,1590293338.0
404,SUPERHELPFULBk,@nytimes,RT @TomJolly: The story behind the list of coronavirus victims on Sunday‚Äôs Page One of @nytimes and the search for a way to capture the poi‚Ä¶,-0.3182,0.0,0.084,0.916,1590293338.0
405,MatthewCronin9,@nytimes,RT @GregDaco: A devastating front page to @nytimes weekend edition https://t.co/0eUiEKDNrm,-0.6486,0.0,0.301,0.699,1590293337.0
406,theDanPellicano,@nytimes,"RT @nytimes: The front page of The New York Times for May 24, 2020 https://t.co/Mp4figjnQe",0.0,0.0,0.0,1.0,1590293337.0
407,daisyherman19,@nytimes,"RT @nytimes: The front page of The New York Times for May 24, 2020 https://t.co/Mp4figjnQe",0.0,0.0,0.0,1.0,1590293337.0
408,cesialanecia,@nytimes,"RT @nytimes: The front page of The New York Times for May 24, 2020 https://t.co/Mp4figjnQe",0.0,0.0,0.0,1.0,1590293337.0
409,gillisisgod,@nytimes,@AlexMadoxx @arctic_gnome @briantylercohen @nytimes I'm not a liberal,0.0,0.0,0.0,1.0,1590293337.0
410,skobos,@nytimes,"RT @nytimes: The front page of The New York Times for May 24, 2020 https://t.co/Mp4figjnQe",0.0,0.0,0.0,1.0,1590293337.0
411,mikkilusardi,@nytimes,"RT @nytimes: The front page of The New York Times for May 24, 2020 https://t.co/Mp4figjnQe",0.0,0.0,0.0,1.0,1590293337.0
412,Ferdistadecker,@nytimes,"RT @nytimes: Facing a summer with no baseball and no picnics, the makers of the original Coney Island red hot feared the worst. But even wi‚Ä¶",-0.6369,0.054,0.257,0.689,1590293337.0
413,Nanaof61,@nytimes,"RT @nytimes: The front page of The New York Times for May 24, 2020 https://t.co/Mp4figjnQe",0.0,0.0,0.0,1.0,1590293336.0
414,lhfauconnet,@nytimes,"RT @nytimes: The front page of The New York Times for May 24, 2020 https://t.co/Mp4figjnQe",0.0,0.0,0.0,1.0,1590293336.0
415,ChlodAlejandro,@nytimes,"RT @nytimes: The front page of The New York Times for May 24, 2020 https://t.co/Mp4figjnQe",0.0,0.0,0.0,1.0,1590293336.0
416,Diegoor59081907,@nytimes,RT @fdbedout: Esta primera p√°gina del @nytimes es una de las im√°genes period√≠sticas m√°s poderosas de este momento. La contabilidad y la cif‚Ä¶,0.0,0.0,0.0,1.0,1590293336.0
417,bartisyou23,@nytimes,@Samueli1Kristin @DRegnum @dodgegirl1771 @jpanzer @nytimes Broaden your mind,0.0,0.0,0.0,1.0,1590293335.0
418,Hoppe_House,@nytimes,@EdwardRayne @nytimes Like this person. /detroit-girl-dies-coronavirus/index.html,0.3612,0.333,0.0,0.667,1590293335.0
419,suziew00zie,@nytimes,"RT @JDiamond1: The front page of tomorrow‚Äôs @nytimes lists the names of 1,000 coronavirus victims ‚Äî just ~1% of the total death toll https:‚Ä¶",-0.7574,0.0,0.228,0.772,1590293335.0
420,truthseeker8487,@nytimes,"RT @nytimes: The front page of The New York Times for May 24, 2020 https://t.co/Mp4figjnQe",0.0,0.0,0.0,1.0,1590293335.0
421,joshjqzheng,@nytimes,"RT @nytimes: The front page of The New York Times for May 24, 2020 https://t.co/Mp4figjnQe",0.0,0.0,0.0,1.0,1590293334.0
422,mcreeleyj,@nytimes,"RT @nytimes: The front page of The New York Times for May 24, 2020 https://t.co/Mp4figjnQe",0.0,0.0,0.0,1.0,1590293334.0
423,celticglambert,@nytimes,"RT @nytimes: The front page of The New York Times for May 24, 2020 https://t.co/Mp4figjnQe",0.0,0.0,0.0,1.0,1590293334.0
424,lalospv,@nytimes,"RT @ianbremmer: 100 of these and you have the US coronavirus death toll to date. Starts to give a sense of the impact.

Thank you, @nytimes‚Ä¶",-0.34,0.082,0.128,0.789,1590293334.0
425,Franzish,@nytimes,"RT @nytimes: The front page of The New York Times for May 24, 2020 https://t.co/Mp4figjnQe",0.0,0.0,0.0,1.0,1590293333.0
426,koenvanderdrift,@nytimes,"RT @nytimes: The front page of The New York Times for May 24, 2020 https://t.co/Mp4figjnQe",0.0,0.0,0.0,1.0,1590293333.0
427,estherykang,@nytimes,RT @nytimes: ‚ÄúIt doesn‚Äôt even feel like I live in New York anymore.‚Äù Empty streets and days without speaking to anyone are the new normal f‚Ä¶,0.1779,0.088,0.064,0.848,1590293333.0
428,LotionDolphin,@nytimes,"RT @nytimes: The front page of The New York Times for May 24, 2020 https://t.co/Mp4figjnQe",0.0,0.0,0.0,1.0,1590293333.0
429,newmac72,@nytimes,"RT @nytimes: The front page of The New York Times for May 24, 2020 https://t.co/Mp4figjnQe",0.0,0.0,0.0,1.0,1590293333.0
430,isabelgitten,@nytimes,"RT @nytimes: The front page of The New York Times for May 24, 2020 https://t.co/Mp4figjnQe",0.0,0.0,0.0,1.0,1590293333.0
431,mrstroutman827,@nytimes,"RT @nytimes: The front page of The New York Times for May 24, 2020 https://t.co/Mp4figjnQe",0.0,0.0,0.0,1.0,1590293333.0
432,allmightybo,@nytimes,"RT @nytimes: The front page of The New York Times for May 24, 2020 https://t.co/Mp4figjnQe",0.0,0.0,0.0,1.0,1590293333.0
433,XMiss_ClaudiaX,@nytimes,@nytimes Powerfully tragic,-0.4588,0.0,0.6,0.4,1590293332.0
434,AmberTwemlow,@nytimes,"RT @nytimes: Facing a summer with no baseball and no picnics, the makers of the original Coney Island red hot feared the worst. But even wi‚Ä¶",-0.6369,0.054,0.257,0.689,1590293332.0
435,Direct7E,@nytimes,RT @jsatz23: @nytimes https://t.co/UTHC4x5IGI,0.0,0.0,0.0,1.0,1590293332.0
436,dimdiaz,@nytimes,"RT @JDiamond1: The front page of tomorrow‚Äôs @nytimes lists the names of 1,000 coronavirus victims ‚Äî just ~1% of the total death toll https:‚Ä¶",-0.7574,0.0,0.228,0.772,1590293332.0
437,ZHrifa,@nytimes,"@nytimes Very sad to read such news, wishing strength to all the families and friends that have lost loved ones.",0.7512,0.381,0.179,0.44,1590293332.0
438,tinypapersailor,@nytimes,"RT @nytimes: The front page of The New York Times for May 24, 2020 https://t.co/Mp4figjnQe",0.0,0.0,0.0,1.0,1590293332.0
439,heymirandarae,@nytimes,"RT @jaivirdi: ""They were not simply names on list. They were us.""

Tomorrow's @nytimes. https://t.co/YF0J9MUBLA",0.0,0.0,0.0,1.0,1590293332.0
440,ArbCapitol,@nytimes,@nytimes @RealGlenMacnow Tomorrow‚Äôs news today?,0.0,0.0,0.0,1.0,1590293331.0
441,andrevezina8,@nytimes,"RT @LLindenlaub: @nytimes Thank you for focusing on who we loss. They were us...and it is up to everyone to be smart, safe, keep social dis‚Ä¶",0.7003,0.25,0.071,0.679,1590293331.0
442,KathCLeSage,@nytimes,"RT @nytimes: The front page of The New York Times for May 24, 2020 https://t.co/Mp4figjnQe",0.0,0.0,0.0,1.0,1590293331.0
443,Daleb678gmailc1,@nytimes,"RT @nytimes: The front page of The New York Times for May 24, 2020 https://t.co/Mp4figjnQe",0.0,0.0,0.0,1.0,1590293331.0
444,kevinkgartland,@nytimes,"RT @nytimes: ‚ÄúTo me, it‚Äôs the sound of the city aching."" 29 of New York City's 30 quietest days during the last 3 years have been during th‚Ä¶",-0.4939,0.0,0.106,0.894,1590293331.0
445,cafeinescreams,@nytimes,"RT @nytimes: The front page of The New York Times for May 24, 2020 https://t.co/Mp4figjnQe",0.0,0.0,0.0,1.0,1590293331.0
446,NewbillRecruits,@nytimes,"RT @nytimes: The front page of The New York Times for May 24, 2020 https://t.co/Mp4figjnQe",0.0,0.0,0.0,1.0,1590293330.0
447,latimesmuskal,@nytimes,"RT @nytimes: The front page of The New York Times for May 24, 2020 https://t.co/Mp4figjnQe",0.0,0.0,0.0,1.0,1590293330.0
448,pitchaya,@nytimes,"RT @nytimes: The front page of The New York Times for May 24, 2020 https://t.co/Mp4figjnQe",0.0,0.0,0.0,1.0,1590293330.0
449,rachtorregiano,@nytimes,"RT @nytimes: The front page of The New York Times for May 24, 2020 https://t.co/Mp4figjnQe",0.0,0.0,0.0,1.0,1590293330.0
450,HollyPerdue4,@nytimes,@jpanzer @DRegnum @nytimes Probably not quite as nonchalant during 9/11 or not in NYC. Perhaps lost his senses. Death will do that.,-0.7351,0.0,0.237,0.763,1590293330.0
451,RahmAntics,@nytimes,"RT @nytimes: The front page of The New York Times for May 24, 2020 https://t.co/Mp4figjnQe",0.0,0.0,0.0,1.0,1590293330.0
452,alexianibhriain,@nytimes,"RT @nytimes: The front page of The New York Times for May 24, 2020 https://t.co/Mp4figjnQe",0.0,0.0,0.0,1.0,1590293330.0
453,bmmimmq,@nytimes,"RT @nytimes: The front page of The New York Times for May 24, 2020 https://t.co/Mp4figjnQe",0.0,0.0,0.0,1.0,1590293329.0
454,fi9_fd,@nytimes,"RT @nytimes: The front page of The New York Times for May 24, 2020 https://t.co/Mp4figjnQe",0.0,0.0,0.0,1.0,1590293329.0
455,ShrekSquirt,@nytimes,"RT @nytimes: The front page of The New York Times for May 24, 2020 https://t.co/Mp4figjnQe",0.0,0.0,0.0,1.0,1590293329.0
456,martattackk,@nytimes,"RT @nytimes: The front page of The New York Times for May 24, 2020 https://t.co/Mp4figjnQe",0.0,0.0,0.0,1.0,1590293329.0
457,THEchelleydee,@nytimes,"RT @nytimes: The front page of The New York Times for May 24, 2020 https://t.co/Mp4figjnQe",0.0,0.0,0.0,1.0,1590293328.0
458,gobearcats247,@nytimes,@DrewStubbmuffin @nytimes Curious what she did differently than Cuomo.,0.3182,0.223,0.0,0.777,1590293328.0
459,cesarebarba,@nytimes,La potencia y la tragedia qu√© transmite este dise√±o es descomunal. @nytimes https://t.co/GjSMxfqh6t,0.0,0.0,0.0,1.0,1590293328.0
460,karivierimaa,@nytimes,"RT @nytimes: The front page of The New York Times for May 24, 2020 https://t.co/Mp4figjnQe",0.0,0.0,0.0,1.0,1590293328.0
461,aidrecabrera,@nytimes,"RT @nytimes: The front page of The New York Times for May 24, 2020 https://t.co/Mp4figjnQe",0.0,0.0,0.0,1.0,1590293328.0
462,MasoudHadizade2,@nytimes,"RT @nytimes: The front page of The New York Times for May 24, 2020 https://t.co/Mp4figjnQe",0.0,0.0,0.0,1.0,1590293327.0
463,TheArcWielder,@nytimes,"RT @nytimes: The front page of The New York Times for May 24, 2020 https://t.co/Mp4figjnQe",0.0,0.0,0.0,1.0,1590293327.0
464,Mrs_Dyke_,@nytimes,"RT @nytimes: The front page of The New York Times for May 24, 2020 https://t.co/Mp4figjnQe",0.0,0.0,0.0,1.0,1590293327.0
465,catherinedoart,@nytimes,"RT @nytimes: The front page of The New York Times for May 24, 2020 https://t.co/Mp4figjnQe",0.0,0.0,0.0,1.0,1590293327.0
466,Bivona92,@nytimes,"RT @nytimes: The front page of The New York Times for May 24, 2020 https://t.co/Mp4figjnQe",0.0,0.0,0.0,1.0,1590293327.0
467,GassyGnoll,@nytimes,"RT @nytimes: The front page of The New York Times for May 24, 2020 https://t.co/Mp4figjnQe",0.0,0.0,0.0,1.0,1590293327.0
468,tmwtinatmw,@nytimes,"@Zaiken64 @teamphil @JSmithpolitics1 @nytimes And even of those who survive, it is a viscous illness.  I just don‚Äôt get people acting like human life and suffering is no big deal and that they are immune to it.  One day, they may regret their words. That‚Äôs all I‚Äôm saying.",-0.7269,0.082,0.188,0.73,1590293327.0
469,elenafonts,@nytimes,"RT @nytimes: The front page of The New York Times for May 24, 2020 https://t.co/Mp4figjnQe",0.0,0.0,0.0,1.0,1590293327.0
470,RLLaughlin2,@nytimes,"RT @NewsHour: ""We're seeing upwards of 800 new deaths each day and the contagion is growing,"" @nytimes reporter @londonoe tells @hari.
http‚Ä¶",-0.3182,0.069,0.121,0.81,1590293327.0
471,FrederickHoll,@nytimes,"RT @nytimes: The front page of The New York Times for May 24, 2020 https://t.co/Mp4figjnQe",0.0,0.0,0.0,1.0,1590293327.0
472,LamePatriarchy,@nytimes,"RT @nytimes: The front page of The New York Times for May 24, 2020 https://t.co/Mp4figjnQe",0.0,0.0,0.0,1.0,1590293327.0
473,bee_of_the_bird,@nytimes,"RT @nytimes: The front page of The New York Times for May 24, 2020 https://t.co/Mp4figjnQe",0.0,0.0,0.0,1.0,1590293326.0
474,maria_llorens,@nytimes,"RT @nytimes: The front page of The New York Times for May 24, 2020 https://t.co/Mp4figjnQe",0.0,0.0,0.0,1.0,1590293326.0
475,dlw19671,@nytimes,"RT @nytimes: The front page of The New York Times for May 24, 2020 https://t.co/Mp4figjnQe",0.0,0.0,0.0,1.0,1590293326.0
476,frtdicle,@nytimes,"RT @candundaradasi: ABD‚Äôde Korona‚Äôdan √∂lenlerin sayƒ±sƒ± 100 bine yakla≈üƒ±rken @nytimes gazetesi, √∂len bin ki≈üinin isimlerini birinci sayfadan‚Ä¶",0.0,0.0,0.0,1.0,1590293326.0
477,miashadow7606,@nytimes,"@JoelGoldenberg1 @nytimes Really, guy? 75 years later? Who currently at the NYT was even alive then? If they were, they were young children. It's 2020.",0.4836,0.116,0.0,0.884,1590293326.0
478,DominicPendry,@nytimes,"RT @nytimes: The front page of The New York Times for May 24, 2020 https://t.co/Mp4figjnQe",0.0,0.0,0.0,1.0,1590293326.0
479,niamhhsherlock,@nytimes,"RT @nytimes: The front page of The New York Times for May 24, 2020 https://t.co/Mp4figjnQe",0.0,0.0,0.0,1.0,1590293326.0
480,deedeeblue,@nytimes,"RT @nytimes: The front page of The New York Times for May 24, 2020 https://t.co/Mp4figjnQe",0.0,0.0,0.0,1.0,1590293326.0
481,jenbozyk,@nytimes,"RT @nytimes: The front page of The New York Times for May 24, 2020 https://t.co/Mp4figjnQe",0.0,0.0,0.0,1.0,1590293325.0
482,BrianaFlin,@nytimes,"RT @nytimes: The front page of The New York Times for May 24, 2020 https://t.co/Mp4figjnQe",0.0,0.0,0.0,1.0,1590293325.0
483,Carlitodinka,@nytimes,RT @fdbedout: Esta primera p√°gina del @nytimes es una de las im√°genes period√≠sticas m√°s poderosas de este momento. La contabilidad y la cif‚Ä¶,0.0,0.0,0.0,1.0,1590293325.0
484,KmariamK,@nytimes,"RT @nytimes: The front page of The New York Times for May 24, 2020 https://t.co/Mp4figjnQe",0.0,0.0,0.0,1.0,1590293325.0
485,ravenartgallery,@nytimes,"RT @nytimes: The front page of The New York Times for May 24, 2020 https://t.co/Mp4figjnQe",0.0,0.0,0.0,1.0,1590293325.0
486,andre_desoto,@nytimes,@nytimes You say it's incalculable but then you calculate it in the headline. More Fake News.,-0.6798,0.0,0.234,0.766,1590293325.0
487,VixenByNight72,@nytimes,"RT @nytimes: The front page of The New York Times for May 24, 2020 https://t.co/Mp4figjnQe",0.0,0.0,0.0,1.0,1590293325.0
488,josefo10,@nytimes,@carlosbravoreg @JRCossio @nytimes ü§Æü§Æü§Æü§Æü§Æ,0.0,0.0,0.0,1.0,1590293324.0
489,Kaschiyski,@nytimes,"RT @nytimes: The front page of The New York Times for May 24, 2020 https://t.co/Mp4figjnQe",0.0,0.0,0.0,1.0,1590293324.0
490,_JasmineRoberts,@nytimes,"RT @nytimes: The front page of The New York Times for May 24, 2020 https://t.co/Mp4figjnQe",0.0,0.0,0.0,1.0,1590293324.0
491,Asheryn_,@nytimes,"@Teddywklein @pugloverandy @HypoSarc @cheesiegirl @nytimes I have yet to check but if thats the case then i feel thats goos, its wrong of course because theres still people dying, but much less than a few weeks back",-0.631,0.0,0.103,0.897,1590293324.0
492,JMillet609,@nytimes,RT @fdbedout: Esta primera p√°gina del @nytimes es una de las im√°genes period√≠sticas m√°s poderosas de este momento. La contabilidad y la cif‚Ä¶,0.0,0.0,0.0,1.0,1590293324.0
493,kaylow77,@nytimes,@nytimes THANKS CHY-NA,0.5622,0.645,0.0,0.355,1590293324.0
494,Soffge,@nytimes,"RT @nytimes: The front page of The New York Times for May 24, 2020 https://t.co/Mp4figjnQe",0.0,0.0,0.0,1.0,1590293324.0
495,EMF_7,@nytimes,"@jadabird @nytimes These states implement regulations that required nursing homes to accept #COVID19 patients.

NY, NJ, PA, MI, MA,CA

USS Comfort Ship Javitz Center were empty.

No Doctors spoke up !
Basic Infectious Disease 101

COVID patients with Elderly will definitely inflate the numbers.",0.6239,0.158,0.078,0.763,1590293324.0
496,KingBostero,@nytimes,"@CincoPorcientoo @EquisdoRS @Grisito_ @Roman22102 @porquetendencia @nytimes El a√±o pasado tuvieron el % de desempleo m√°s bajo en 50 a√±os, este a√±o con una pandemia mundial de por medio no superan el 15%, nosotros desde hace 15 a√±os no bajamos del 30% y sin pandemia! No podemos cargar a nadie, una vez q pase esto EEUU en dos meses se recupera, nosotros no https://t.co/uds58nVvSF",-0.8932,0.0,0.18,0.82,1590293323.0
497,TravelingUS,@nytimes,"RT @frannie1225: @nytimes https://t.co/1KSgdp4aQC
@MarALago @FoxNews MEANWHILE TRUMP IS GOLFING TO HIS HEARTS CONTENT &amp; HE DOESN'T GIVE A D‚Ä¶",0.0,0.0,0.0,1.0,1590293323.0
498,CarolynWyllie,@nytimes,RT @jcrutchmer: the front page of sunday‚Äôs @nytimes. https://t.co/L2xF8fPg4u,0.0,0.0,0.0,1.0,1590293323.0
499,itsbennyp,@nytimes,"RT @nytimes: The front page of The New York Times for May 24, 2020 https://t.co/Mp4figjnQe",0.0,0.0,0.0,1.0,1590293323.0
